state_code,year,TSO4,TNH4,CA,MG,NA,K,CL,NSO4,NHNO3,WSO2,WNO3,total_SO2,total_NO3
AK,2000,30.6402,7.2945,1.3514,0.6791,3.1649,2.4077,,7.2252,8.1895,28.2964,9.4383,33.1156,15.354
AK,2001,34.8446,6.5909,2.3623,0.6915,3.2312,0.8495,,4.8928,8.5161,35.239,8.2529,38.5015,14.9714
AK,2002,36.8374,7.9195,3.2205,0.9789,3.4978,1.8826,,13.2493,13.9284,31.0982,1.348,39.9362,21.626
AK,2003,34.5709,5.5223,2.5747,0.9612,3.2455,1.3031,1.9649,12.4985,10.5177,30.8192,,39.1557,15.8725
AK,2004,22.8321,8.527,3.6536,0.9303,2.5129,2.3108,2.8712,9.6423,7.5887,18.3086,,24.7405,15.9951
AK,2005,17.8352,4.2463,1.1483,0.4743,1.6698,1.0753,1.5563,7.8043,5.2008,20.146,,25.3514,9.3646
AK,2006,24.762,3.0333,1.2073,0.5946,2.2164,0.7479,2.2975,6.3413,3.8093,28.6977,,32.9271,6.782
AK,2007,19.6053,3.2971,1.1053,0.4966,1.7141,0.6979,1.4719,9.842,4.1652,19.0075,,25.5718,7.3958
AK,2008,23.2924,3.7457,1.2032,0.655,2.7568,0.8267,2.1611,8.631,3.7541,20.4578,,26.2146,7.4399
AK,2009,30.3197,3.3598,1.5695,0.6559,2.7477,1.2441,2.6121,7.3961,4.6988,17.87,,22.8031,7.9842
AK,2010,15.7134,3.3096,1.4316,0.5948,2.0693,1.1879,1.8743,7.0978,3.1341,20.6624,,25.3967,6.3938
AK,2011,19.5759,2.987,1.175,0.5409,2.3748,0.6843,2.3902,5.7039,3.1034,15.4849,,19.2894,6.0416
AK,2012,16.8063,3.4245,1.3637,0.6251,2.2635,0.6674,2.1515,8.1062,3.2913,16.8857,,22.2925,6.6635
AK,2013,22.4884,2.8115,1.2702,0.5208,2.0151,0.7026,1.7145,7.9765,3.8825,14.0047,,19.3252,6.632
AK,2014,17.0134,2.4271,1.3386,0.4513,1.4132,0.684,1.2631,6.3479,3.2374,14.2365,,18.4702,5.6131
AK,2015,14.293,2.6089,1.5502,0.4655,1.5556,0.7496,1.5202,5.9547,3.9459,16.4307,,20.4029,6.4922
AK,2016,9.9857,2.2569,1.3082,0.4056,1.3776,0.6231,1.7312,4.7197,2.6247,12.8841,,16.0326,4.84
AK,2017,13.8626,2.566,1.0957,0.4595,2.2482,0.7091,2.4548,3.5423,2.793,12.2172,,14.5797,5.3146
AK,2018,9.7542,2.2939,0.9924,0.4505,1.8328,0.6663,2.1554,2.6095,2.1173,6.0221,,7.7628,4.3776
AL,2000,288.8365,84.2316,11.8319,2.3286,9.1138,5.6385,,34.1801,111.1713,263.8375,53.4341,286.6358,193.6347
AL,2001,251.8378,90.2693,12.283,2.5691,10.5077,5.1752,,21.3234,94.8075,243.972,48.8679,258.1946,183.5694
AL,2002,112.1184,33.5541,5.1318,1.2144,5.5684,2.6835,,20.1637,52.1749,112.8292,6.4891,126.2786,84.0171
AL,2003,244.101,67.0904,9.8739,1.9821,6.3056,4.8231,1.5154,51.848,85.6621,215.5836,,250.1659,151.3904
AL,2004,134.3132,38.8532,4.9214,0.9662,3.1638,2.5857,1.9355,31.4676,38.2999,104.4337,,125.4231,76.544
AL,2005,263.3006,71.7516,11.5483,2.0814,5.8649,5.1076,2.8806,57.9223,83.4395,232.3889,,271.0229,153.8648
AL,2006,233.8034,69.1698,12.7212,2.5147,8.1707,5.0149,3.959,53.6885,79.2695,208.4621,,244.2723,147.1789
AL,2007,241.4051,70.1377,13.4928,2.8806,11.1062,4.8727,3.6848,66.8137,81.598,230.8139,,275.3785,150.4378
AL,2008,199.5811,60.4893,11.7834,2.4253,8.8448,4.7598,3.5655,51.7263,69.2836,156.5567,,191.0585,128.6715
AL,2009,144.5634,57.1682,9.6074,1.9964,8.2015,5.3186,4.8127,37.4269,46.9612,79.744,,104.7087,103.3826
AL,2010,154.5588,62.4361,12.4818,2.2806,7.1866,5.5407,2.8236,35.2461,53.564,86.4348,,109.9434,115.1483
AL,2011,139.6875,48.5798,10.5473,2.2951,9.9183,5.1277,5.2307,36.6247,51.0469,63.6709,,88.0995,98.8157
AL,2012,120.8673,43.5969,12.5846,2.5133,9.4114,5.2031,4.5104,30.9778,52.4913,36.87,,57.5326,95.2532
AL,2013,107.1382,48.0358,9.3441,2.0005,8.2451,4.2784,4.8135,28.2685,41.6884,29.1542,,48.0096,89.0611
AL,2014,105.1545,43.2579,11.917,2.0111,6.7738,4.608,2.7606,26.8665,41.6492,38.2271,,56.1474,84.2447
AL,2015,84.65,43.6476,10.9079,2.0679,7.5735,4.5113,4.3396,22.75,41.4283,26.7241,,41.8979,84.4169
AL,2016,68.2242,38.8878,13.5365,2.3152,8.7802,4.2224,4.3938,18.339,45.1856,25.01,,37.2421,83.3548
AL,2017,65.7446,40.8132,11.859,2.2893,9.3486,4.5021,5.3003,15.2736,37.6105,21.6917,,31.8795,77.8252
AL,2018,49.5179,30.5227,9.7144,1.8591,6.5625,3.9474,3.1417,10.3265,31.0537,11.9224,,18.8099,61.0827
AR,2000,181.5306,26.9814,8.5537,2.1071,10.5082,4.879,,17.3275,71.097,62.5839,33.9206,74.1418,96.9478
AR,2001,183.7393,24.5695,8.8789,2.2393,11.4129,4.6207,,10.9893,68.5559,60.537,32.3648,67.8661,92.0351
AR,2002,177.1978,23.0261,9.4762,2.1567,10.1938,4.9359,,25.4152,65.2078,51.7093,2.7191,68.6614,87.1969
AR,2003,173.0875,23.8528,9.3948,2.0497,8.2246,5.1716,1.3422,24.8502,64.1514,51.4031,,67.9784,86.9849
AR,2004,163.5256,26.6297,8.5325,2.3045,10.9672,5.109,3.4547,26.7383,54.4046,50.0295,,67.8645,80.1696
AR,2005,209.1513,17.1611,9.3077,1.8697,6.3235,4.6134,2.0413,26.1064,70.076,64.2111,,81.6246,86.1223
AR,2006,156.5549,17.5053,10.5298,2.437,10.4152,4.6974,2.7949,23.4289,58.9158,48.9924,,64.6195,75.4845
AR,2007,159.0681,19.6739,9.2374,2.2604,9.3705,4.8929,2.365,29.2416,56.2682,36.8224,,56.3263,75.0469
AR,2008,150.675,25.8829,9.2506,2.4909,11.5546,5.2561,3.6514,22.0738,48.6952,33.1149,,47.8379,73.8034
AR,2009,119.335,23.6309,7.8726,1.8691,8.2404,5.1981,3.2023,18.274,34.2703,27.5057,,39.6947,57.3563
AR,2010,126.2254,22.342,10.6186,2.2947,9.423,5.2197,2.3428,18.932,44.6297,33.4501,,46.0773,66.2621
AR,2011,118.2025,28.3833,9.6848,2.3775,12.4361,4.8354,4.0703,19.4089,45.0666,27.8252,,40.771,72.7336
AR,2012,113.784,23.6001,12.2612,2.4672,10.2997,5.0841,3.0163,20.6968,44.4451,24.8265,,38.6311,67.3378
AR,2013,104.3086,21.7607,9.0536,2.0115,8.3536,4.8597,2.3407,20.5799,39.5365,23.6154,,37.3421,60.6693
AR,2014,94.0461,19.864,10.2225,2.0063,8.1387,4.4186,2.7975,15.5415,33.0226,23.396,,33.7625,52.3619
AR,2015,74.5246,19.3851,8.962,1.9578,7.647,4.004,3.7041,14.4104,30.5746,19.5438,,29.1555,49.4736
AR,2016,73.8091,19.2115,9.2755,1.9193,8.4023,4.4554,3.0898,14.0148,30.6635,20.2552,,29.6034,49.387
AR,2017,78.9459,19.6452,10.1719,2.1732,9.6058,4.7936,3.5289,13.2304,30.4537,23.6573,,32.4816,49.6143
AR,2018,56.7942,16.8782,7.5972,1.8471,7.5451,3.8649,2.1044,9.4123,25.231,12.6337,,18.9115,41.7082
AZ,2000,91.8931,33.4146,21.2574,2.6665,8.9775,3.5464,,5.6659,79.6443,50.6591,16.506,54.4387,111.7925
AZ,2001,95.2377,31.0326,22.7725,2.8749,9.9806,3.5798,,4.2617,69.096,45.1072,15.3322,47.9491,99.0304
AZ,2002,95.8943,38.9899,25.78,3.3764,10.7389,4.3361,,10.4256,94.345,59.3896,1.6831,66.3429,131.8335
AZ,2003,114.8087,45.5413,36.1615,4.2726,10.0496,5.7392,1.2375,12.9592,123.0372,94.7869,,103.4309,166.622
AZ,2004,123.3201,46.0078,30.2548,3.9961,12.3482,4.9458,5.0332,16.374,122.3629,90.7427,,101.6653,166.425
AZ,2005,142.5344,39.0546,30.1541,4.2396,12.0228,6.1277,4.4283,12.5581,124.831,102.6063,,110.9829,161.9001
AZ,2006,126.0965,47.8376,35.215,5.2891,13.9166,6.728,5.82,12.9019,121.3053,96.3294,,104.9358,165.9933
AZ,2007,137.7501,56.5251,36.7825,5.9064,14.8734,7.0995,7.9787,23.9577,118.6772,99.8292,,115.8097,173.3158
AZ,2008,127.1241,44.5668,37.5703,5.2991,14.556,6.1602,6.641,13.9846,97.8225,70.6447,,79.9724,140.8344
AZ,2009,107.2788,46.0761,33.4833,4.5942,13.6477,7.226,5.185,10.1522,85.1058,52.9829,,59.7538,129.8289
AZ,2010,101.5042,40.1217,27.4159,4.0277,13.4839,5.8123,6.3776,11.0931,76.877,53.1739,,60.5732,115.7755
AZ,2011,107.9321,45.4929,35.5873,4.8311,13.284,6.5413,6.2015,11.8478,85.053,50.6024,,58.504,129.1936
AZ,2012,111.674,43.108,37.6798,4.6779,12.5485,5.6355,6.3897,10.9648,87.2093,49.4436,,56.7584,128.9307
AZ,2013,107.8284,41.9312,33.7301,4.7532,13.844,5.4401,7.074,10.9208,86.8442,45.5576,,52.8416,127.3953
AZ,2014,95.2652,41.7694,37.3014,4.3786,13.5315,5.147,5.7838,9.0441,79.6249,45.0537,,51.0869,120.1288
AZ,2015,96.7628,37.1929,26.1318,3.6328,12.7185,4.3546,5.4162,9.5472,72.4908,44.2968,,50.6638,108.5311
AZ,2016,81.7936,39.442,33.2496,4.1016,14.3552,4.9714,7.0459,8.1762,65.534,39.5908,,45.0448,103.9327
AZ,2017,88.4413,35.6667,41.385,4.5317,13.8059,6.0901,6.9506,7.3963,70.9402,40.587,,45.5204,105.4789
AZ,2018,62.4117,35.8846,32.2286,4.0691,11.9408,4.9871,6.1177,5.9451,61.7639,20.7155,,24.6808,96.6675
CA,2000,260.6625,215.76,50.2449,12.4447,61.4117,14.2949,,20.835,370.457,112.2376,117.9474,126.1338,580.3259
CA,2001,291.0108,239.7593,57.6815,14.3582,70.163,17.1378,,14.7154,390.8378,131.5729,134.0476,141.3874,624.383
CA,2002,281.3055,257.804,59.063,14.3653,65.8547,18.53,,31.0502,436.021,130.7734,6.8385,151.4627,686.8924
CA,2003,298.3634,240.5337,54.8156,13.4605,61.1122,17.4636,7.692,31.4459,476.6859,140.3286,,161.3028,709.6413
CA,2004,344.1794,315.2238,64.04,15.7014,71.0201,18.7244,25.2861,38.5393,502.2249,151.3856,,177.0908,809.4642
CA,2005,350.9815,260.7737,57.8515,14.7165,64.4354,18.3545,26.2519,29.3037,508.7949,155.4056,,174.9499,761.4797
CA,2006,334.339,288.1382,65.5952,17.1792,68.4291,21.7112,26.0526,27.4804,471.9195,142.4023,,160.7314,752.5544
CA,2007,336.2798,353.9497,70.9704,18.8272,76.3955,22.4734,30.2659,39.6618,518.5188,151.4069,,177.2595,861.8985
CA,2008,292.4099,268.6883,56.4433,15.6957,73.7173,21.9315,33.6004,26.9531,390.5508,113.2247,,131.2028,653.0277
CA,2009,258.3978,231.3112,47.8483,14.2394,65.4332,20.8102,31.1326,20.9143,322.8526,92.797,,106.7463,549.0295
CA,2010,222.7607,187.9696,40.8544,12.8687,62.3602,17.2508,32.984,20.3572,279.7513,85.0529,,98.6306,463.1057
CA,2011,208.2843,170.9389,35.6522,10.441,52.2479,13.0498,28.2564,18.9728,210.9453,75.6855,,88.3402,378.5296
CA,2012,207.031,170.9259,41.9809,12.5286,59.8805,15.0929,34.915,20.7862,233.6671,92.2774,,106.142,400.8782
CA,2013,191.2324,172.996,42.3056,11.5364,52.9258,14.5781,31.3563,19.22,223.7312,93.2852,,106.104,393.1711
CA,2014,192.7883,186.8113,45.4439,12.5383,62.6535,14.9469,33.5272,15.919,221.8469,99.2358,,109.8543,405.1301
CA,2015,189.4698,170.0647,40.4063,11.5827,58.6146,14.7656,32.7105,20.6938,217.323,113.025,,126.8291,383.9322
CA,2016,166.524,140.7664,42.4981,11.8352,59.2241,16.7962,39.7875,24.0463,180.6928,104.8445,,120.8836,318.5859
CA,2017,175.9779,142.6146,45.3227,11.6614,53.0171,19.6302,31.1269,21.7689,187.5304,98.9521,,113.4718,327.1625
CA,2018,158.8756,153.624,53.5428,13.1787,56.8406,21.9515,35.5921,23.3135,168.5306,83.9093,,99.459,319.4744
CO,2000,96.586,29.1035,22.1032,2.404,4.8385,3.7325,,9.6895,86.4151,68.8193,22.401,75.2824,113.8316
CO,2001,123.7151,38.9413,24.5969,3.1845,6.4228,4.1891,,6.4299,97.0538,80.5162,27.8136,84.0482,133.9835
CO,2002,125.6309,61.4513,47.9188,4.4399,7.065,6.0054,,16.5976,123.4433,83.9025,3.2546,94.3523,182.5977
CO,2003,109.7406,41.6133,35.1292,3.3462,4.2893,5.1457,0.8879,12.5413,96.2369,54.0147,,62.3799,136.3201
CO,2004,103.773,36.1752,17.4881,2.4609,4.5722,3.6663,2.6199,14.4719,98.9192,46.8056,,56.4109,133.5227
CO,2005,124.0344,35.3635,21.1288,3.1069,5.1334,5.1632,3.2056,13.62,118.6497,66.7117,,75.7976,152.1252
CO,2006,117.4496,34.6346,22.8638,3.5719,4.7694,5.2167,2.6974,13.2808,112.2987,62.3863,,71.2445,145.1474
CO,2007,124.3669,44.1082,23.8472,3.8287,5.7197,5.8336,3.0535,22.247,121.3343,54.0458,,68.885,163.5126
CO,2008,122.2437,41.8698,31.0078,4.3829,7.9338,5.9004,3.7783,14.1928,99.4271,47.1345,,56.6002,139.7162
CO,2009,107.6052,42.1227,32.7456,4.0181,6.3523,6.9425,3.0321,11.1981,82.9826,37.1855,,44.5166,123.7861
CO,2010,98.7484,42.2271,33.6858,4.1433,6.1274,6.4687,3.393,11.2592,80.7311,37.4126,,44.922,121.6744
CO,2011,105.829,34.0729,27.6619,3.7513,6.2827,4.8338,3.3229,10.8433,80.9948,33.5166,,40.7155,113.7799
CO,2012,103.7602,40.7339,37.5216,4.6861,7.0014,6.6338,3.8192,10.4994,84.2865,36.4731,,43.4769,123.6211
CO,2013,98.8199,36.9278,28.2056,3.7325,6.2765,4.8935,3.5313,10.4565,76.6325,31.8614,,38.836,112.3425
CO,2014,87.0572,32.3733,27.6785,3.4348,5.9874,4.4995,3.185,7.8831,67.977,33.2272,,38.4851,99.2705
CO,2015,78.4952,32.0385,20.6882,2.9514,5.8038,4.0941,3.0004,8.5015,69.7478,43.3897,,49.0599,100.6768
CO,2016,69.0708,29.4858,21.7562,2.9419,6.1458,4.3464,3.3204,8.8019,66.3088,39.9516,,45.8226,94.7403
CO,2017,72.9513,28.3545,22.5551,3.1867,5.1876,5.2898,3.0008,7.2994,67.0484,37.5147,,42.3833,94.3366
CO,2018,58.6119,33.5351,25.7886,3.661,6.0681,6.043,3.127,6.4108,57.1071,18.8464,,23.1217,89.7325
CT,2000,148.1054,51.5414,4.74,1.9311,14.4366,2.7282,,29.8217,90.2373,209.7611,32.7212,229.6516,140.3436
CT,2001,172.7615,46.1292,6.0694,2.1475,14.2389,2.6643,,18.9335,112.0878,253.7583,39.1664,266.3873,156.4352
CT,2002,154.4023,43.5752,5.6418,2.1595,14.0709,2.8582,,44.8086,101.2429,178.1203,5.8957,208.0072,143.2083
CT,2003,156.1008,43.2373,4.8023,2.1674,15.0839,3.8644,3.1444,45.3322,91.8145,197.21,,227.4464,133.5916
CT,2004,151.0453,42.7342,4.5799,2.1106,15.0692,2.7065,8.0228,46.4829,83.4741,160.8496,,191.8536,124.881
CT,2005,152.6064,34.9193,4.9906,2.1021,14.4101,2.831,7.2744,46.8139,85.504,165.8348,,197.0596,119.0637
CT,2006,138.1652,37.5332,4.8062,2.0457,12.2964,2.7846,4.6472,38.0987,70.8968,134.3206,,159.7324,107.303
CT,2007,134.2927,37.6192,4.4733,1.8178,11.7374,2.6282,5.1415,55.2313,70.0245,106.6606,,143.5002,106.5304
CT,2008,118.0904,33.8719,4.566,2.1374,13.935,3.3614,6.5734,40.1495,62.4677,94.0677,,120.8472,95.3461
CT,2009,96.0524,35.8577,4.4367,2.0332,14.2047,3.6573,7.1116,32.4186,51.1563,72.99,,94.6126,86.2005
CT,2010,81.8814,30.2339,4.8984,2.063,13.8034,3.8482,11.1417,24.0789,45.744,43.6959,,59.7563,75.2508
CT,2011,75.9074,34.9528,3.9606,1.8376,12.3434,2.9055,7.7498,25.5271,46.3685,46.0241,,63.0511,80.5843
CT,2012,72.954,40.6301,4.8093,2.002,12.1677,2.9228,7.2164,24.8185,45.8018,31.1091,,47.6633,85.7038
CT,2013,72.2685,36.5207,4.3034,2.087,15.0895,3.0176,10.5035,23.4039,42.622,26.9651,,42.5753,78.4647
CT,2014,66.1712,42.8477,4.6382,2.2579,17.2652,2.9622,12.4849,19.5469,36.5073,33.0496,,46.0878,78.7742
CT,2015,55.258,35.0443,4.6606,2.1252,14.7544,2.8748,11.0205,16.9577,39.9704,26.335,,37.6456,74.3791
CT,2016,41.4118,33.3877,4.584,2.0472,13.4814,2.5659,10.6308,11.9762,37.6266,22.267,,30.2554,70.4164
CT,2017,40.074,36.8428,4.7321,2.0543,14.3074,2.7969,11.82,10.1506,31.7715,19.9831,,26.7531,68.1095
CT,2018,34.2947,28.9987,4.0522,1.8084,11.9061,2.7313,8.7599,8.305,26.2984,11.3577,,16.8968,54.8793
FL,2000,334.2805,84.842,32.2651,12.016,84.9764,9.8673,,35.6014,81.0169,110.4671,36.515,132.7623,164.5714
FL,2001,346.2399,136.3067,37.8826,25.9362,192.947,15.215,141.6356,23.8148,68.9177,146.9056,38.1576,162.7901,204.1279
FL,2002,465.4051,191.2294,36.9826,31.178,234.8004,18.4414,185.7449,79.0636,106.2754,166.0549,11.5333,218.7901,295.8152
FL,2003,469.9288,181.9255,37.9124,30.6355,220.0052,19.6427,245.6469,81.2662,96.8182,180.0188,,234.2238,277.2043
FL,2004,465.4167,169.4447,38.8358,28.8293,206.3773,18.25,259.5383,74.9048,95.3279,121.577,,171.5391,263.2575
FL,2005,516.0343,176.5029,39.7235,31.4458,221.6547,18.7058,278.8512,76.8127,103.1885,166.5352,,217.7691,278.0501
FL,2006,446.3501,170.9141,43.6746,29.714,202.786,17.1396,262.6531,65.3322,97.435,144.4749,,188.0515,266.7998
FL,2007,413.2311,163.8189,41.2021,31.3688,222.5965,17.5615,303.7176,81.5516,76.3385,122.8127,,177.2072,238.9445
FL,2008,401.1517,164.9459,44.3146,38.1573,281.5307,21.4139,371.882,60.9322,67.0004,111.0069,,151.6488,230.8808
FL,2009,347.1665,153.0271,41.8896,31.3809,227.2407,20.9921,310.4046,53.4665,54.4206,84.735,,120.3969,206.5823
FL,2010,372.4199,160.6603,39.2217,31.9662,233.4178,19.86,308.1217,50.5972,69.4929,106.0347,,139.7838,229.0479
FL,2011,363.8817,154.1776,37.5631,33.9445,253.0974,19.8741,339.5343,48.4434,65.9952,66.3554,,98.6672,219.1232
FL,2012,312.4158,149.5379,40.6209,34.8588,257.3907,19.5618,366.2858,43.1243,50.1612,52.0885,,80.8524,198.9009
FL,2013,304.0944,144.9722,68.078,35.9959,272.7109,19.0,394.8306,43.6859,43.9623,60.9273,,90.066,188.2366
FL,2014,277.3594,130.5352,37.2775,27.1829,203.8514,16.7638,276.9392,40.5339,53.9489,68.7825,,95.8197,183.6272
FL,2015,251.1943,121.2835,28.7732,30.2929,229.8545,24.7528,344.7575,36.3585,47.6178,61.9795,,86.2302,167.8726
FL,2016,240.1167,145.1541,35.9064,33.0773,254.2203,17.5437,371.293,35.0342,43.9719,59.1984,,82.5666,188.4266
FL,2017,219.173,127.2701,41.7739,29.8888,228.2268,17.4219,340.2503,27.4316,38.5979,66.9449,,85.2419,165.2542
FL,2018,182.4948,110.9572,39.0106,25.1616,190.4187,14.5906,280.8666,21.1864,31.849,38.1836,,52.3141,142.2999
GA,2000,217.378,26.2772,6.2169,1.9204,11.2154,3.9972,,30.3082,105.8927,228.8962,41.8197,249.1115,130.4856
GA,2001,204.6074,27.8559,7.7549,2.4348,11.9936,4.0996,,18.4937,96.4009,233.5598,41.5906,243.2935,122.7237
GA,2002,221.796,20.3073,6.5602,2.0859,11.6877,4.2904,,46.8497,108.0262,237.4101,5.1282,268.6593,126.616
GA,2003,227.3204,17.6742,6.6097,1.8327,7.8979,4.2477,1.0478,49.2575,91.7992,209.0926,,241.9474,108.0132
GA,2004,245.3564,22.7962,6.5207,2.2676,11.8108,4.2029,3.916,55.4898,89.6184,220.245,,257.2563,110.9898
GA,2005,241.4913,13.4649,6.9561,1.8554,7.6564,4.1276,1.9087,51.5734,91.6393,234.0057,,268.4053,103.6467
GA,2006,236.4889,16.8917,8.3515,2.4288,10.0122,4.4976,2.3834,55.2352,94.1741,251.5552,,288.3968,109.5687
GA,2007,222.0594,24.9161,8.5276,2.9283,14.4945,4.4262,3.5271,61.2412,87.0642,216.3727,,257.2203,110.5956
GA,2008,191.6484,22.3133,8.4085,2.4146,11.6661,4.449,3.3609,51.3619,73.8368,188.6625,,222.9207,94.976
GA,2009,141.4194,25.241,11.8667,2.0672,10.2246,5.8619,4.4572,35.0821,46.8959,91.2265,,114.6264,71.3912
GA,2010,142.5836,20.4361,7.4603,2.0486,8.8324,5.159,2.4532,30.295,57.6448,95.9554,,116.1623,77.1643
GA,2011,143.5813,23.6571,7.3477,2.4284,13.4143,4.327,5.8038,36.4294,56.5278,73.1414,,97.4403,79.2861
GA,2012,107.9935,21.7886,6.8511,2.2531,11.8746,4.5306,4.3697,29.0231,48.8546,39.1471,,58.5053,69.8657
GA,2013,102.3034,20.3551,5.7672,2.0223,11.3,3.9668,4.1389,26.1799,45.6108,32.7232,,50.1849,65.2404
GA,2014,93.6988,18.3191,7.0549,1.7731,7.9963,3.7798,2.6675,19.5882,43.4679,34.8633,,47.9285,61.0962
GA,2015,74.3743,22.355,6.2394,1.9166,9.4858,4.7239,4.3819,15.0748,41.186,23.8353,,33.8903,62.8859
GA,2016,59.9895,23.18,6.9658,2.1204,11.0728,3.4769,5.2533,13.8572,41.6053,22.566,,31.8087,64.1237
GA,2017,60.3025,21.7057,6.3073,2.0853,11.5885,3.8278,6.173,10.8824,35.0453,19.2173,,26.4758,56.1936
GA,2018,44.3363,19.358,5.1439,1.7344,8.9197,3.9085,4.2244,7.7957,27.0911,10.7971,,15.9974,46.0186
HI,2000,103.8148,6.5373,1.9774,3.04,23.8712,2.1157,,32.6762,5.2453,1171.8451,7.332,1193.6406,11.6997
HI,2001,97.3601,4.8541,2.0851,2.9076,23.2073,1.5565,,20.7475,4.5415,1132.3677,6.01,1146.206,9.3226
HI,2002,99.9304,4.9685,2.3475,3.1531,25.0179,1.8581,,39.1522,5.6136,1478.9985,0.958,1505.1132,10.493
HI,2003,122.0335,5.2334,2.0302,3.21,24.737,1.9377,7.704,38.7693,5.9564,2026.8689,,2052.7275,11.0949
HI,2004,49.3364,1.6326,0.8697,1.1265,8.5153,0.6724,5.4386,25.7261,2.4191,725.0569,,742.2162,4.013
ID,2015,0.172,0.2751,0.0265,0.0058,0.013,0.0552,0.015,0.03,0.1851,0.0635,,0.0835,0.4572
ID,2016,14.0582,6.4722,2.761,0.6538,1.7832,3.6803,1.2288,2.9148,12.7399,8.7809,,10.7246,19.0099
ID,2017,12.762,5.6103,2.8151,0.5573,1.0709,2.6964,0.7397,2.6747,13.1226,7.6887,,9.4726,18.5244
ID,2018,11.0398,5.2199,2.8303,0.6422,1.3754,2.3117,0.7649,2.246,10.2382,4.2116,,5.7099,15.2953
IL,2000,595.307,467.1438,82.468,16.6006,15.0109,13.9428,,93.2166,285.1979,810.7543,119.0156,869.7337,746.8443
IL,2001,515.6333,478.4605,77.702,13.2654,18.372,11.1619,,48.111,220.1736,662.9533,109.6292,691.6432,693.9309
IL,2002,588.2873,444.2739,95.6317,17.0003,13.6773,11.4384,,127.6463,269.442,594.6738,15.0454,679.8149,709.4322
IL,2003,552.0963,422.6134,87.3788,17.4928,13.3536,12.3376,5.2029,135.4481,276.2882,614.8956,,705.2374,694.5096
IL,2004,497.4531,399.0323,79.7082,16.014,14.2142,11.8243,12.182,142.0462,220.4705,638.8577,,733.602,615.9977
IL,2005,658.0578,425.7428,90.0893,17.3617,12.1984,11.8058,12.2954,150.4104,273.0098,643.3219,,742.9754,694.4119
IL,2006,448.8051,330.8467,78.1995,14.7287,10.2308,10.4411,10.3018,124.7018,186.7714,452.8549,,536.0308,514.6479
IL,2007,481.1969,353.6642,90.1053,16.6694,13.6057,12.8362,11.7942,178.238,216.8906,436.0643,,554.9489,567.1067
IL,2008,429.1878,349.8192,74.8486,14.3551,17.4252,12.0278,14.3964,142.7879,176.1479,409.4863,,504.726,523.1666
IL,2009,402.4841,326.0249,71.4544,13.8789,11.7823,13.3476,12.4085,111.0777,155.5759,281.6762,,355.7647,479.1275
IL,2010,375.9536,384.4145,92.6797,16.6539,13.1168,15.2264,12.8122,109.3885,156.5614,307.7329,,380.6941,538.4858
IL,2011,377.9722,315.8782,87.2785,16.751,14.1548,11.9441,12.3168,126.1335,170.0676,243.1128,,327.2435,483.2411
IL,2012,309.8575,304.9797,99.8881,18.8237,12.2458,11.9422,10.3571,112.2802,168.5795,192.767,,267.6573,470.8781
IL,2013,330.5325,302.4436,88.575,17.6414,13.8822,11.2494,13.8317,126.2457,145.8331,174.0733,,258.2785,445.9575
IL,2014,309.4503,322.7737,85.9145,16.6951,14.7367,11.0522,13.2882,104.2669,132.8922,184.3151,,253.8606,453.5528
IL,2015,243.1233,245.7266,77.5364,14.3623,12.9378,10.2779,12.6273,97.2562,129.4704,128.5077,,193.3785,373.1378
IL,2016,206.3145,236.0709,76.3081,14.2618,10.4622,10.6676,10.0198,76.599,133.563,89.1591,,140.2508,367.5109
IL,2017,183.2005,213.5072,95.2924,16.6886,10.6647,11.1549,10.3931,56.3957,121.6399,87.7212,,125.3365,333.2141
IL,2018,146.1252,184.2036,60.733,11.6795,10.3506,10.0743,9.1546,43.0867,99.9935,54.5148,,83.2532,282.6073
IN,2000,472.8641,292.681,63.4911,10.4246,11.9163,10.9963,,71.2196,231.4337,874.6194,92.7035,922.123,520.4341
IN,2001,477.8256,296.3486,69.7523,9.8922,12.6765,9.5889,,39.3011,212.1136,813.6628,99.1583,825.9319,505.0893
IN,2002,511.1537,279.6177,71.2097,10.8284,10.1165,9.8591,,100.6334,247.084,759.7224,12.1264,826.8442,522.7729
IN,2003,450.8552,245.4582,58.4261,9.4532,10.3287,8.8674,2.5854,101.1356,225.39,753.7876,,821.2456,467.2646
IN,2004,381.8147,203.6553,63.428,8.7588,10.142,7.6072,7.0418,100.7134,166.3,659.0244,,726.1997,367.3119
IN,2005,464.7369,181.1644,65.9964,8.2124,6.642,7.8174,5.599,95.8435,181.3686,635.3275,,699.2553,359.6481
IN,2006,417.7047,209.1921,76.1203,9.0308,8.3719,8.4848,7.2238,100.7447,159.3138,615.0834,,682.2801,365.9734
IN,2007,429.081,243.3671,109.1462,10.4528,11.6175,9.6596,9.0457,131.412,177.2824,510.474,,593.7379,417.2812
IN,2008,341.5022,211.9438,63.8217,8.4805,10.6992,8.6553,8.3636,101.7831,144.1684,424.1456,,492.0348,353.8206
IN,2009,317.845,215.933,60.5851,7.7905,9.0762,10.5518,8.014,85.592,123.4458,324.9903,,382.0799,337.4159
IN,2010,312.2758,269.5246,78.667,9.2846,10.6039,11.0853,9.1122,88.5828,125.1508,346.2902,,405.3752,392.6863
IN,2011,313.8314,198.7536,63.245,8.2713,10.8748,8.6107,8.4931,99.0691,135.7212,279.0587,,345.1378,332.3167
IN,2012,253.9896,207.3974,76.0718,9.0587,9.1112,8.7174,7.6236,90.1843,130.1669,200.0066,,260.1587,335.4941
IN,2013,256.3972,194.9208,62.4832,8.0288,9.6067,8.5924,8.364,97.7684,106.6151,182.986,,248.1976,299.841
IN,2014,245.4694,212.3605,55.6588,7.6556,10.6479,8.3291,8.3199,83.3121,99.022,217.3441,,272.9134,309.8072
IN,2015,184.1025,160.3601,55.1954,6.752,10.2618,7.2246,8.406,78.5754,95.1371,137.8329,,190.2429,253.9843
IN,2016,156.5443,150.1764,61.3759,7.0176,7.9883,7.7214,6.6605,63.5143,100.7573,86.7438,,129.1083,249.3318
IN,2017,144.7452,145.4969,71.5981,7.8002,8.665,8.3127,7.1486,50.0384,88.5093,85.8023,,119.177,232.5992
IN,2018,113.6463,115.3043,51.2883,6.211,7.8106,7.229,6.3855,34.9121,73.3448,56.512,,79.7984,187.4836
KS,2002,119.7541,74.8772,53.6742,2.4925,3.5264,3.2357,,11.7302,56.0632,45.6494,,53.4733,130.0489
KS,2003,95.8083,101.7734,47.176,1.9339,2.6013,2.9799,0.6394,12.5175,46.5113,55.473,,63.8221,147.5451
KS,2004,115.6867,107.7124,59.1166,2.5883,4.9109,3.6187,2.2885,17.1277,49.5326,71.1613,,82.5851,156.4576
KS,2005,148.1844,104.6777,62.9195,2.6995,3.9795,4.196,1.8222,16.9099,60.3002,71.1477,,82.4269,164.0188
KS,2006,108.2517,86.2591,84.0348,3.0103,4.0295,4.5603,1.7724,13.2214,55.1181,55.5399,,64.3588,140.5007
KS,2007,122.6745,106.6938,65.9897,2.8243,5.2613,4.3671,2.7077,20.7933,44.8009,44.2753,,58.1448,150.7818
KS,2008,111.0709,90.3216,65.7994,2.835,6.0735,3.9504,3.9086,15.0499,40.2876,45.3545,,55.3926,129.9682
KS,2009,100.6921,83.5166,69.3279,2.8005,4.4647,4.5509,2.6129,12.0101,38.6822,37.1603,,45.1709,121.5837
KS,2010,95.2702,101.2213,74.6455,2.74,4.5595,4.5758,2.2772,10.0201,35.055,32.0286,,38.7124,135.7191
KS,2011,82.2425,76.0559,65.3057,2.5387,5.4031,4.1651,2.5696,10.2312,38.0994,26.4862,,33.3109,113.5492
KS,2012,76.7155,59.2501,89.3186,2.968,4.775,4.0478,1.6848,8.7764,38.5464,23.0863,,28.9402,97.1838
KS,2013,84.6168,82.25,71.2666,2.8542,5.0885,3.621,3.3794,11.6241,32.6694,23.7229,,31.4767,114.3994
KS,2014,145.5439,141.995,149.3675,5.239,8.583,7.9457,5.1303,18.88,54.2777,44.7473,,57.3407,195.4097
KS,2015,136.1744,127.8876,150.9659,5.3987,7.6273,8.1941,4.4545,22.5415,60.1822,45.2199,,60.254,187.1129
KS,2016,113.5252,115.0956,160.1842,4.9218,7.3666,7.5408,4.4535,18.6543,54.4507,38.6962,,51.138,168.6799
KS,2017,121.569,124.611,186.0929,5.2776,6.8199,8.5561,4.1998,16.355,54.8936,41.6302,,52.5389,178.6326
KS,2018,92.2384,104.984,129.2026,4.3201,6.8348,6.9151,3.9955,10.8531,53.1267,25.8146,,33.0541,157.2669
KY,2000,1047.7391,239.9372,59.5472,8.2535,23.1008,15.5985,,127.3116,559.4404,1510.5031,176.6588,1595.4196,790.4814
KY,2001,1008.1924,251.6226,59.3654,8.9149,25.9757,14.7845,,71.3668,479.6043,1296.7442,172.2331,1340.6357,723.6028
KY,2002,1079.9684,206.7195,56.2326,8.1682,21.0203,15.8548,,210.5923,505.1225,1158.2183,17.479,1298.6834,703.81
KY,2003,1115.2346,224.5058,63.7498,9.6688,19.7739,17.7373,3.7238,243.9693,558.1107,1435.566,,1598.2949,773.7421
KY,2004,1121.2931,248.2432,60.1814,9.9766,27.0716,17.82,10.667,270.4914,501.1654,1442.6444,,1623.0622,741.4397
KY,2005,1416.3282,240.0661,76.6935,10.2884,17.1939,18.0788,9.2152,266.9718,542.6527,1601.0823,,1779.1521,774.0906
KY,2006,1140.3965,224.3955,67.7513,10.7342,23.4117,19.0029,10.0605,246.4084,468.7325,1312.7741,,1477.1293,685.6755
KY,2007,1076.5964,245.049,80.0264,12.2402,30.6888,18.1677,12.018,299.0428,453.9596,1147.0752,,1346.5366,691.7912
KY,2008,930.6877,219.2258,67.1444,10.1448,23.8616,17.7519,9.9995,232.2668,398.0677,900.1313,,1055.054,610.9635
KY,2009,791.8055,210.7403,59.0857,8.8596,22.1864,21.3464,10.509,182.6633,295.8127,613.2757,,735.1115,501.8493
KY,2010,745.6877,256.7092,71.4523,10.3108,21.9129,20.6255,9.6945,175.8461,342.7451,751.2267,,868.5155,594.005
KY,2011,701.7696,223.6183,56.5021,9.3043,27.8459,18.4277,13.5923,205.3552,302.0516,472.1919,,609.1632,520.8664
KY,2012,629.2006,209.0796,73.3715,11.025,23.9277,18.937,11.6529,187.3216,310.7906,351.7957,,476.7394,514.9277
KY,2013,605.426,219.4099,55.6424,8.6043,23.0196,17.7986,10.4078,192.2451,261.699,310.6646,,438.8928,476.9489
KY,2014,620.2786,239.6672,70.1385,9.8887,24.1791,17.9499,11.4268,175.6181,270.723,377.0434,,494.1805,506.0859
KY,2015,466.4917,193.3163,63.3226,9.8575,25.791,17.1314,13.4448,156.6699,247.0663,212.2861,,307.6138,436.4547
KY,2016,373.9975,174.3762,59.9819,8.5983,21.0864,17.0705,10.9039,108.8368,234.8626,148.058,,220.6521,405.5051
KY,2017,355.4192,189.0235,66.5607,9.9676,23.7463,18.1545,12.4652,82.1226,218.5702,141.3607,,196.1381,404.1195
KY,2018,256.6586,142.4072,45.6292,7.6971,18.1626,16.1401,8.0897,59.9749,164.7602,76.1875,,116.1912,304.5478
MD,2000,412.3063,96.6887,17.9874,5.2379,25.8055,6.6823,,62.1513,210.7225,693.2109,95.3867,734.6652,304.0612
MD,2001,477.2456,106.8383,18.9167,5.5525,29.1126,6.8583,,41.7871,232.0123,777.74,101.2956,801.5182,335.162
MD,2002,445.7054,84.7683,17.1836,5.3126,27.9327,7.5524,,96.648,227.9903,652.782,12.1194,717.246,309.1332
MD,2003,469.9488,109.7265,14.8523,5.0464,27.7892,7.2845,2.8067,110.2678,207.9543,752.8341,,826.3819,313.1
MD,2004,488.9893,115.9796,19.1514,5.8119,29.5339,7.3191,13.4177,123.5193,221.7737,753.0788,,835.4654,334.2275
MD,2005,318.622,99.9661,15.3674,4.1255,21.3095,4.8829,9.6787,77.1505,159.2114,666.6095,,718.0691,256.6457
MD,2006,353.9049,62.1376,15.9522,4.4814,18.8245,5.263,6.2362,82.3698,158.2248,486.1327,,541.0736,217.8465
MD,2007,365.0476,85.0559,17.2219,5.209,24.6216,5.7449,8.9375,117.9126,171.471,486.4467,,565.0939,253.8006
MD,2008,387.2059,99.4599,18.8459,6.3633,33.2861,7.9477,15.8825,109.563,171.1253,529.6877,,602.7661,267.8648
MD,2009,295.3101,81.55,15.0774,5.3609,29.3756,8.2972,16.1452,77.9569,117.6299,334.3529,,386.3499,197.3096
MD,2010,265.9442,78.5815,18.978,5.0627,22.7415,7.6739,13.2469,60.6685,136.2268,227.7635,,268.2292,212.642
MD,2011,247.3464,84.6399,15.4352,5.2235,28.6191,6.6625,15.2963,68.8391,120.5022,164.9853,,210.9013,203.2262
MD,2012,217.1054,91.5883,15.9892,4.745,22.5684,6.3145,12.5579,59.4695,114.2903,118.1179,,157.784,204.0616
MD,2013,186.562,89.8685,13.9243,4.9151,28.5953,5.8703,21.7105,55.9751,87.7925,107.7339,,145.0687,176.2647
MD,2014,190.7793,101.1197,16.5394,5.1519,32.0826,6.5407,21.4342,55.4125,98.3433,150.7405,,187.7002,197.8992
MD,2015,162.0905,93.7822,16.8031,5.8457,34.8596,6.3771,31.5237,52.7338,95.4988,110.332,,145.5042,187.762
MD,2016,124.9519,84.1316,16.1722,4.7842,24.0181,5.8534,16.5602,38.4136,87.1223,73.2366,,98.8591,169.8675
MD,2017,107.1997,83.0077,15.4954,4.7329,26.5748,6.1526,19.2919,25.0564,74.8384,70.0026,,86.7157,156.6557
MD,2018,93.0362,66.2315,12.0328,4.3281,25.7546,5.7818,17.8196,20.721,61.8171,44.8704,,58.6913,127.0655
ME,2000,321.3654,68.2663,18.7789,6.3368,35.8379,19.2336,,79.5027,106.8512,221.6709,70.0897,274.699,173.4188
ME,2001,359.8542,63.0509,20.4338,6.3341,35.2738,19.6435,,45.3578,120.3926,248.2715,57.2155,278.5259,181.5294
ME,2002,291.5905,54.6301,13.3601,5.5756,38.2018,13.5426,,87.0674,111.4033,156.1005,7.1442,214.1738,164.2625
ME,2003,249.6968,44.3363,13.5015,5.0382,29.6135,12.6578,10.721,78.1986,95.336,155.5436,,207.7023,138.1573
ME,2004,261.9412,51.7941,12.1623,5.2893,32.5763,14.213,18.556,89.5378,87.6417,133.379,,193.101,138.0426
ME,2005,255.2979,38.4337,11.8836,4.7108,28.3413,13.0334,17.877,82.9002,79.1847,137.005,,192.2988,116.3592
ME,2006,246.0074,42.8857,11.4763,5.0353,28.6695,12.8045,14.0507,70.8095,76.8346,107.8117,,155.0418,118.4988
ME,2007,216.1493,43.0904,11.2463,4.496,25.9337,11.6782,15.8313,104.0925,67.2552,93.8097,,163.2391,109.276
ME,2008,199.7651,42.3848,10.8883,4.845,30.615,16.9784,20.0001,70.806,60.3417,83.6307,,130.8585,101.7663
ME,2009,183.4451,42.735,9.5665,4.473,28.1671,10.3294,19.5327,58.2951,47.8341,60.7686,,99.6502,89.8089
ME,2010,138.5945,30.8832,8.4464,3.8113,23.2686,8.2569,20.8187,41.8984,37.9707,39.6753,,67.6223,68.2505
ME,2011,176.4237,47.408,8.5122,5.225,35.8291,8.3854,30.7723,54.0112,50.6254,49.5888,,87.8748,98.6577
ME,2012,208.3847,60.6743,12.1427,6.2804,41.6119,10.5044,32.8955,60.2838,62.6967,54.5488,,95.1003,122.4051
ME,2013,142.9883,38.8413,9.1125,4.5266,30.0214,8.2019,26.2975,40.7917,41.446,42.3903,,72.0301,81.6745
ME,2014,138.2351,46.22,8.7161,5.0301,36.3927,7.6576,31.4521,41.5164,39.7787,52.1299,,79.8223,85.3662
ME,2015,118.194,40.7102,8.792,4.3783,27.7657,7.4768,24.6999,36.6532,40.0438,63.4958,,87.9434,80.1165
ME,2016,84.6131,37.9885,7.7899,4.4052,30.7429,6.435,31.7404,28.4995,31.8535,50.6071,,69.6169,69.3356
ME,2017,83.6051,38.9929,8.6317,4.578,31.0872,7.3686,32.1461,25.6147,33.4092,51.3634,,68.4493,71.8708
ME,2018,66.8128,31.4414,7.5047,3.5468,21.0523,6.8307,18.5191,17.9339,26.5621,22.1698,,34.1312,57.5803
MI,2000,335.3723,220.5247,37.78,7.9853,11.5972,7.537,,58.0102,178.828,466.009,72.0175,504.7026,396.5081
MI,2001,514.1102,311.612,51.1004,10.8004,13.4156,8.9976,,47.7956,239.4578,580.3556,94.4933,611.1085,547.2622
MI,2002,482.9199,291.3611,53.9259,11.2282,12.9912,9.8341,,117.8618,243.8257,443.2023,13.4962,521.8162,531.3103
MI,2003,436.9391,248.1633,47.8518,10.746,12.9231,9.8454,3.7985,117.242,233.5946,514.7665,,592.9669,478.0437
MI,2004,431.3649,235.0003,43.1247,9.9786,12.118,8.6829,9.959,131.2241,213.0134,477.6287,,565.1552,444.6284
MI,2005,501.88,225.5531,48.713,10.7672,11.4644,9.2871,8.4848,125.5523,229.3351,531.3352,,615.0786,451.2408
MI,2006,375.1851,201.2642,45.2231,10.2504,9.0857,8.8163,8.7975,116.1934,176.3469,368.2618,,445.7634,374.8078
MI,2007,401.4021,183.35,45.0384,10.4294,10.7645,9.3783,8.2381,152.6692,196.899,337.6343,,439.4654,377.1182
MI,2008,340.6426,186.1587,38.8226,9.0019,12.1755,8.9337,8.767,119.6452,170.635,344.2147,,424.0182,354.0803
MI,2009,275.2774,183.9004,36.8985,8.2522,8.8469,11.027,8.3916,89.6417,111.7048,212.81,,272.6012,293.8294
MI,2010,280.861,179.8933,43.8639,9.4248,8.9201,11.3755,8.3628,87.5483,125.6709,198.9279,,257.0781,303.5656
MI,2011,294.1816,180.902,38.5194,8.5224,10.2976,9.462,8.6692,110.9417,151.9047,179.561,,253.559,330.3904
MI,2012,279.1016,206.4692,48.5467,10.2885,8.7555,9.5153,8.6828,105.3475,142.0402,153.2941,,223.5607,346.2503
MI,2013,258.884,173.6978,38.4031,8.3047,10.4167,8.7886,9.6912,108.5001,119.6802,145.1742,,217.5441,291.4741
MI,2014,252.0279,199.2045,36.8888,8.1186,11.0076,8.975,9.5238,93.2987,112.6237,141.0028,,203.2333,310.0361
MI,2015,216.202,184.0585,39.1341,8.6605,12.4458,9.2357,11.4191,90.8676,117.0923,120.4272,,181.0357,299.288
MI,2016,151.5857,160.5581,39.6868,8.2684,8.392,7.7772,8.6089,64.7173,100.7273,78.0419,,121.2079,259.6847
MI,2017,140.3177,155.1265,40.7627,8.626,7.6973,8.548,8.1014,47.5442,91.2152,68.3381,,100.0513,244.8915
MI,2018,116.7874,117.85,31.7424,6.9436,7.2874,8.8405,7.4956,36.8471,81.5433,45.6382,,70.2152,198.0969
MN,2000,63.4655,27.855,7.0188,1.6125,2.7317,2.4723,,9.5061,29.327,37.8882,9.3714,44.2281,55.5848
MN,2001,66.959,28.1443,7.1867,1.5424,2.6806,2.0128,,4.433,26.6546,35.972,8.7491,38.4612,54.3755
MN,2002,65.1608,25.1626,7.3405,1.6518,2.5288,2.0579,,11.8385,26.4055,29.6868,1.0187,37.5833,51.1486
MN,2003,67.1649,34.0249,8.1399,1.8995,2.5047,2.1179,0.5447,12.4401,25.6197,38.6435,,46.9413,59.2375
MN,2004,57.1722,23.1511,6.6777,1.5133,2.0277,1.8099,1.1781,12.842,24.9279,29.8985,,38.4645,47.683
MN,2005,68.8792,19.2331,6.6995,1.582,1.9415,1.8993,0.9529,13.9367,31.3982,33.7213,,43.0172,50.1318
MN,2006,52.9031,17.5887,6.2034,1.3596,1.5726,1.6052,0.9321,11.0935,22.1327,26.8942,,34.2936,39.3691
MN,2007,59.334,25.9363,6.8208,1.7283,2.6167,3.0819,1.852,16.9475,22.7998,25.8298,,37.1337,48.3737
MN,2008,56.2249,29.5519,5.6836,1.5578,3.3442,1.8428,1.7955,11.9604,18.2482,27.6098,,35.5872,47.5098
MN,2009,58.168,29.2493,7.0305,1.6781,2.6294,2.1096,1.6586,10.366,16.5311,22.5679,,29.4819,45.5179
MN,2010,44.5476,19.3023,8.1104,1.6981,1.701,2.385,0.9554,8.083,17.5871,16.4751,,21.8662,36.6095
MN,2011,48.4549,22.7019,8.5348,1.9081,2.3561,2.1612,1.3386,9.6382,18.3024,14.2045,,20.6333,40.7139
MN,2012,41.0054,26.8821,9.2787,1.9437,1.938,2.0085,1.4405,8.8437,16.8309,10.9944,,16.8932,43.4454
MN,2013,44.8598,21.4995,6.4992,1.6603,2.6951,1.9937,1.8888,9.4987,14.8658,11.2285,,17.5642,36.1287
MN,2014,55.5612,44.0349,11.8309,2.7139,3.6121,2.5171,3.4764,10.3949,15.247,17.6885,,24.6219,59.0397
MN,2015,75.8112,43.6967,20.1355,4.6292,5.576,4.4549,4.9049,13.4108,28.8462,26.8266,,35.7718,72.0837
MN,2016,63.8246,47.431,17.7567,3.8469,3.3209,3.8342,3.3407,11.6207,24.2229,22.5311,,30.2825,71.2691
MN,2017,61.8952,58.2529,20.4183,4.6482,4.4191,4.2212,4.2526,11.4709,24.8821,24.4506,,32.1018,82.7386
MN,2018,45.9734,38.725,17.4501,4.3653,3.7311,3.99,3.2871,8.5044,24.5581,15.6249,,21.2969,62.8927
MS,2000,226.2835,36.721,10.2304,2.3623,11.6136,4.9634,,24.0281,96.5565,132.4268,44.5038,148.4525,131.7429
MS,2001,194.2021,30.8764,9.5676,2.285,10.7519,4.5747,,13.5412,80.6585,108.4307,34.0195,115.9449,108.6769
MS,2002,188.109,31.4566,10.1774,2.3387,11.0151,4.8957,,31.1235,78.0898,71.9442,3.4715,92.703,108.3044
MS,2003,188.559,24.9536,9.9149,2.0383,7.5957,4.6322,1.3704,32.1769,73.8367,78.2367,,99.6987,97.6166
MS,2004,177.7902,29.6955,9.2932,2.2605,9.9057,4.4004,2.8029,34.1525,64.0165,80.9859,,103.7657,92.6936
MS,2005,211.2659,22.5326,9.7777,1.8111,6.1841,4.4481,2.029,33.902,71.11,93.3355,,115.9479,92.5117
MS,2006,181.3306,29.8477,11.0137,2.6262,11.026,4.5598,4.0637,31.5336,63.95,73.9488,,94.9815,92.7806
MS,2007,171.0113,28.9823,10.3056,2.5159,11.3088,4.7216,3.381,39.3796,58.9278,62.3818,,88.6483,86.9734
MS,2008,127.7829,22.1653,7.6429,1.8683,8.2027,4.0869,2.3864,26.658,41.7563,45.1658,,62.9467,63.2575
MS,2009,115.4754,24.8495,7.7402,1.9541,8.9257,4.7554,3.9706,20.9238,34.4478,31.6894,,45.6458,58.7491
MS,2010,128.9847,26.8509,12.5849,2.4795,8.9044,5.0894,2.1766,22.3408,47.6767,49.7361,,64.637,73.7699
MS,2011,117.918,25.2873,9.9317,2.341,11.5872,4.5784,4.078,23.6937,43.1632,28.3396,,44.1428,67.7639
MS,2012,110.8485,24.2429,11.4482,2.4573,9.4788,4.5433,3.628,23.9605,40.4833,26.1612,,42.1433,64.0829
MS,2013,105.8988,20.4592,8.3977,1.9124,8.2899,4.153,2.6382,22.9183,38.4255,22.7388,,38.0251,58.2741
MS,2014,99.5718,24.6954,10.8692,2.0665,8.2006,3.9389,3.1732,20.4667,34.0464,26.8796,,40.5307,58.2002
MS,2015,85.2528,23.6806,9.9968,2.2499,9.6554,5.0365,5.3004,19.9078,31.7209,27.0874,,40.3659,54.8969
MS,2016,68.4003,23.4059,10.1253,2.0502,9.238,3.8528,4.0642,15.6155,31.3381,22.912,,33.3276,54.2459
MS,2017,67.4704,24.2195,9.7559,2.2868,11.1208,4.4862,5.2378,11.5721,26.8501,21.4438,,29.1627,50.6431
MS,2018,51.468,17.3671,7.2737,1.7935,7.2196,3.7737,2.891,7.9267,21.0749,10.8222,,16.1093,38.1062
MT,2000,34.335,12.1204,6.5963,1.2768,1.5301,2.51,,7.4058,14.3267,25.7095,11.9109,30.6492,26.2189
MT,2001,31.7721,12.6568,7.2142,1.4232,1.7338,2.5528,,3.1122,13.9184,13.7819,12.4324,15.8572,26.3539
MT,2002,31.1226,11.2252,4.8405,0.9884,1.896,2.1319,,7.948,14.7926,14.5156,1.5516,19.8173,25.7829
MT,2003,30.8274,22.4662,7.2744,1.3217,1.6788,3.7096,0.7671,9.4792,15.735,17.1655,,23.4884,37.9506
MT,2004,31.9146,11.3154,5.7744,1.1669,1.6193,2.2739,0.7959,7.8896,13.5315,13.1021,,18.3649,24.6318
MT,2005,34.8465,11.4891,6.0843,1.2934,1.9366,2.6092,0.8329,9.6388,15.3864,19.1644,,25.5932,26.6309
MT,2006,28.6742,9.5935,7.3449,1.6002,1.8397,2.5807,1.0336,9.1533,14.4056,14.1284,,20.2337,23.77
MT,2007,33.1388,13.2799,8.3547,1.7463,2.6716,3.3475,0.9966,11.8385,15.4182,14.7828,,22.6794,28.4535
MT,2008,29.6021,9.9218,6.7909,1.4728,2.2465,2.506,1.0266,8.6809,13.695,15.4522,,21.2418,23.399
MT,2009,29.4728,9.3321,6.2595,1.3742,2.0852,2.5944,0.9726,5.6472,11.6853,7.2531,,11.02,20.8311
MT,2010,22.4475,9.6801,4.8967,1.0441,1.3162,2.4788,0.84,4.0344,9.8188,7.194,,9.8853,19.343
MT,2011,23.3166,7.4608,4.8904,1.0305,1.643,2.147,0.9426,3.2859,10.9606,5.3185,,7.5109,18.2473
MT,2012,19.8344,7.8967,6.6808,1.3272,1.5504,2.2289,1.0621,3.0385,10.4418,4.695,,6.7218,18.1728
MT,2013,22.1135,6.9768,5.9721,1.16,1.464,2.1344,0.9274,3.0443,10.9393,5.5547,,7.5852,17.7419
MT,2014,19.8217,9.2798,5.1805,1.0289,1.6845,2.2447,1.0842,3.3607,10.6975,8.2209,,10.4624,19.8076
MT,2015,16.2768,8.2826,6.7514,1.3639,1.4217,2.2815,0.909,2.0747,11.2004,9.2994,,10.683,19.3045
MT,2016,14.909,6.9829,5.2987,1.1102,1.4701,1.8867,0.9585,2.689,9.1271,7.6427,,9.4362,15.9654
MT,2017,17.5631,15.4212,7.6343,1.4366,1.4911,3.022,1.0628,3.31,11.4125,9.5992,,11.807,26.6522
MT,2018,15.3147,7.8712,7.1243,1.4721,1.2197,2.6387,0.8365,2.7161,11.5362,4.7434,,6.5546,19.2237
NC,2000,873.4197,132.0649,34.3356,11.6245,73.5003,17.2432,,101.5816,315.1634,620.9936,112.511,688.7487,438.0621
NC,2001,841.8194,137.5345,47.3514,12.753,76.4111,15.3356,,57.2223,270.7223,565.844,111.3821,604.0123,402.8281
NC,2002,816.5997,131.7666,38.0601,12.7082,78.5694,17.7851,,155.8776,293.1322,497.3071,13.3378,601.2777,420.2387
NC,2003,774.2661,103.7974,32.2832,10.4068,59.5936,14.6698,12.1719,148.7705,247.0977,461.4452,,560.6756,346.9671
NC,2004,804.3141,116.4871,36.3896,11.3381,68.5314,14.7384,44.311,160.7224,241.9863,459.7407,,566.9419,354.6257
NC,2005,848.6962,106.2189,36.446,11.5735,66.5739,14.5874,48.4814,157.598,248.964,503.9388,,609.0571,351.2224
NC,2006,797.1844,97.0706,43.6585,11.4767,61.7649,14.4244,44.0848,149.6131,222.2538,441.8645,,541.6564,315.791
NC,2007,776.9018,117.9347,41.4324,12.7466,74.2732,15.889,56.5048,182.3997,219.5061,385.1262,,506.7865,333.9514
NC,2008,656.6673,112.5238,37.477,13.1668,80.1158,16.1306,66.162,138.9376,186.1916,293.139,,385.8108,295.7551
NC,2009,473.2646,101.4639,29.5171,11.3681,71.6903,17.2194,66.9966,95.1839,123.9287,169.1086,,232.5961,223.4219
NC,2010,517.8059,97.4099,29.3643,11.1467,64.0885,18.0099,51.0871,96.281,153.1232,202.625,,266.8451,248.0994
NC,2011,486.2992,105.5444,26.5655,12.4616,79.3186,15.1195,63.99,90.655,140.1263,119.4703,,179.9362,243.443
NC,2012,368.8644,90.4323,24.4431,10.5682,63.0509,15.3114,53.7183,70.5784,121.1491,73.7297,,120.8051,209.6543
NC,2013,351.7152,90.1113,20.8096,10.98,71.5524,13.9205,69.0812,69.1035,110.2358,78.756,,124.8483,198.5932
NC,2014,338.3999,93.7849,24.3769,9.7041,57.7326,13.7305,45.2872,62.3206,112.2837,94.7718,,136.3389,204.2833
NC,2015,325.2741,106.3818,28.1121,12.6613,74.7516,16.336,76.919,58.882,127.2203,93.5772,,132.8524,231.5795
NC,2016,259.4784,107.0504,26.9414,11.2942,67.5492,16.863,63.8311,46.9794,117.205,82.9231,,114.2584,222.3931
NC,2017,245.8497,110.7783,29.3753,11.7392,72.8221,16.553,71.9338,43.6618,121.011,83.2077,,112.3306,229.8634
NC,2018,194.8185,83.4118,20.8859,9.9487,60.2222,15.0693,60.109,32.3584,98.6759,46.7672,,68.3498,180.5185
ND,2000,56.1893,29.1181,11.9108,1.9333,2.824,2.1652,,9.0208,30.4299,60.6055,9.3371,66.6229,59.0645
ND,2001,60.5481,34.5608,13.0074,1.9973,4.0129,1.9696,,3.7167,28.6948,59.813,9.0194,62.2922,62.7991
ND,2002,61.9998,28.8829,10.0383,1.7517,3.7278,1.9222,,12.3758,32.7888,43.611,1.0847,51.8658,61.1504
ND,2003,53.8686,24.8455,10.9568,1.9364,3.1094,2.0152,0.5895,13.6928,34.6347,56.1688,,65.3017,58.7196
ND,2004,52.5904,28.1296,9.8297,1.7246,2.8393,1.9505,1.0205,14.5391,27.5783,47.1775,,56.8752,55.2688
ND,2005,42.0604,20.6962,10.4989,1.8245,2.2343,1.7417,0.6894,9.9344,23.5782,37.941,,44.5671,43.8995
ND,2006,36.3704,18.5771,8.5671,1.513,1.5619,1.3998,1.046,9.6344,22.5574,29.1225,,35.5486,40.7759
ND,2007,53.0969,28.3062,12.933,2.2377,2.8805,2.1847,1.4555,17.8726,27.9511,40.8812,,52.8018,55.813
ND,2008,57.5295,30.6148,12.4913,2.4197,4.777,2.1494,2.8046,13.1074,28.3167,44.2085,,52.9514,58.4816
ND,2009,58.8803,29.2527,12.0869,2.1098,2.9581,2.1517,1.5838,14.0345,26.2444,46.3804,,55.7419,55.0795
ND,2010,52.3765,32.6085,13.062,2.0488,1.8846,2.0871,0.9338,11.8738,26.4909,37.4292,,45.3486,58.6785
ND,2011,47.9816,25.8553,15.1286,2.2729,3.2674,1.9502,1.5188,12.7103,24.5226,31.1996,,39.6774,49.9878
ND,2012,42.2637,26.347,17.6322,2.7387,3.7701,2.1113,1.9023,11.1967,23.7154,23.937,,31.405,49.6856
ND,2013,46.1965,30.5632,14.6942,2.2279,2.6918,1.8076,1.0576,14.4913,23.7554,27.4872,,37.153,53.9407
ND,2014,38.2358,22.8046,15.7267,2.1581,2.3705,1.7021,1.1346,10.2124,18.3883,22.8949,,29.707,40.9003
ND,2015,41.4401,26.2717,16.548,2.4045,2.5886,2.1642,1.0465,11.6772,24.3088,27.1912,,34.9802,50.1936
ND,2016,34.8464,20.7205,14.9426,2.0763,2.274,1.7266,1.0609,10.7962,21.7304,22.222,,29.4229,42.1057
ND,2017,37.2718,21.5768,13.5006,2.3057,3.2008,2.0028,0.8491,9.8154,27.1291,25.2841,,31.8313,48.2746
ND,2018,31.2652,22.9424,12.1205,2.1045,1.8176,1.8648,0.8197,7.8876,20.8735,18.4062,,23.6675,43.4836
NE,2006,34.6227,29.9028,11.4136,1.5921,0.8193,1.6811,0.5467,4.5436,18.5358,12.6455,,15.6754,48.1435
NE,2007,82.8957,79.6237,22.8261,3.2999,2.5537,3.7152,1.9465,14.8538,36.7997,27.3968,,37.3043,115.8386
NE,2008,82.5243,69.0626,21.8509,3.3729,4.0374,3.5785,3.824,10.0112,34.9191,26.0982,,32.7752,103.4262
NE,2009,82.7568,81.6485,24.7364,3.5699,2.2854,3.4904,1.6524,10.1132,30.7461,29.5684,,36.3138,111.9057
NE,2010,78.4434,107.8227,24.8928,3.087,2.2444,3.4236,2.2111,9.5142,25.6248,28.6277,,34.8979,133.0401
NE,2011,68.8938,67.7606,23.9197,3.314,2.5034,3.4937,1.915,10.127,29.8712,25.5189,,32.2732,97.1575
NE,2012,64.6505,71.766,33.4736,4.135,2.8467,4.6656,1.771,7.9551,38.9875,20.4906,,25.7967,110.1341
NE,2013,68.257,78.8897,24.0174,3.2582,2.5743,3.1792,2.4991,10.1436,29.7415,17.9251,,24.6906,108.1587
NE,2014,54.3263,60.806,23.8858,3.179,2.0813,3.1769,1.5977,6.4233,27.2287,17.1579,,21.4425,87.6016
NE,2015,53.0145,55.0763,24.0475,3.0926,1.966,3.4289,2.1483,7.5315,31.6321,19.8116,,24.8346,86.2053
NE,2016,48.7737,53.4843,27.3757,3.2528,1.9413,3.1191,1.5185,7.4536,27.747,17.4979,,22.4694,80.7904
NE,2017,45.8717,59.0981,28.4541,3.5762,1.9215,3.3374,1.4905,6.7024,27.2729,20.6519,,25.1226,85.937
NE,2018,33.8575,47.416,16.8731,2.3796,1.7028,2.8419,1.5231,4.9635,21.8774,11.1775,,14.4882,68.9452
NH,2000,80.9242,8.6362,2.1169,0.5647,3.5823,1.8484,,13.696,25.7325,46.0086,13.6393,55.1433,33.9593
NH,2001,105.2997,10.1017,3.6786,0.8149,4.8506,1.9517,,9.1277,33.5296,68.4414,17.2341,74.0653,43.0983
NH,2002,113.3199,11.5033,3.3177,0.8007,5.7209,2.3144,,23.2921,34.3735,48.0265,2.9342,63.5623,45.3308
NH,2003,62.7251,9.5866,1.9118,0.6369,4.9276,1.4354,0.9465,18.0908,22.8244,52.1455,,64.212,32.0474
NH,2004,91.1583,9.7593,2.3294,0.7627,4.6777,2.0441,2.9611,23.1245,28.2168,42.7164,,58.14,37.5272
NH,2005,98.6674,9.1419,2.527,0.728,4.8188,2.3443,3.6126,22.7006,23.8523,46.1643,,61.3058,32.6151
NH,2006,85.8666,8.6539,2.5649,0.7444,3.7412,2.1417,2.6041,18.3106,20.2793,32.1265,,44.3396,28.6106
NH,2007,87.8615,9.5196,2.6447,0.7219,4.2989,2.0511,3.2719,29.0092,20.859,30.176,,49.5253,30.0473
NH,2008,79.5821,10.1822,2.6094,0.7623,4.4647,2.3976,2.5203,21.4331,20.6167,31.9288,,46.2246,30.4713
NH,2009,65.3593,10.7104,2.3911,0.7065,4.3115,3.0324,2.8312,16.2663,14.2979,20.8555,,31.704,24.7809
NH,2010,55.9174,8.5069,3.0552,0.7607,3.6861,3.7834,3.3988,11.3696,12.2156,14.8261,,22.41,20.5289
NH,2011,59.9418,9.2127,2.359,0.6933,4.4436,2.5909,3.1725,15.2816,14.8252,15.4557,,25.6487,23.802
NH,2012,48.2305,9.1782,2.875,0.752,3.8547,2.1949,3.2401,10.7211,14.7938,11.0585,,18.2097,23.7368
NH,2013,49.5419,10.7967,2.5197,0.7732,5.2959,2.4286,4.5388,11.3608,13.4719,12.4137,,19.9908,24.0547
NH,2014,49.5554,11.2841,2.6302,0.7934,5.2111,2.1609,3.6909,11.3349,13.4067,16.143,,23.7036,24.4779
NH,2015,40.843,10.6042,2.5888,0.7785,4.7525,2.2424,3.9319,9.389,13.5881,20.1962,,26.4595,23.9768
NH,2016,29.9214,8.3613,2.3754,0.6646,3.9094,2.1409,3.5083,6.929,10.6032,14.3443,,18.9663,18.7958
NH,2017,30.0212,9.4685,2.7653,0.7793,4.5186,2.2448,4.2645,6.274,11.817,15.4063,,19.5909,21.0978
NH,2018,22.3177,8.7083,2.1952,0.6501,3.2757,1.9317,2.8559,4.1691,8.73,6.5863,,9.3676,17.2996
NJ,2000,209.3085,62.3598,9.446,2.7487,13.0683,3.8262,,35.9267,125.4536,421.4292,58.3936,445.3925,185.819
NJ,2001,234.2511,66.8855,11.4811,3.114,12.8322,3.4503,,21.3837,131.3082,431.2164,60.9751,445.4793,196.1056
NJ,2002,222.3859,63.3008,11.0139,3.0673,12.9266,3.8675,,50.8909,136.1053,394.2567,10.0013,428.2013,197.2423
NJ,2003,234.6975,70.2277,9.7041,3.0921,16.4039,3.7687,2.7661,51.4266,124.5006,413.5988,,447.9004,192.749
NJ,2004,222.6327,59.7185,10.0657,3.0556,15.6257,3.6028,7.8734,56.3159,127.6457,360.4361,,397.9984,185.3343
NJ,2005,212.6885,54.4073,10.5524,2.9439,13.6883,3.6335,4.7292,55.04,118.3136,377.2637,,413.9748,170.8401
NJ,2006,191.8606,44.7306,9.8724,2.7516,10.6587,3.5326,3.5549,46.7646,100.0997,296.2218,,327.4134,143.2384
NJ,2007,190.0654,53.9827,9.0816,2.6683,12.1913,3.4903,4.9863,61.6727,107.0232,273.4536,,314.5886,159.3039
NJ,2008,173.9396,52.4544,9.1857,2.945,13.809,3.7838,5.8812,50.4443,96.9924,232.0908,,265.7363,147.9047
NJ,2009,130.7849,52.0951,7.9426,2.4828,14.2726,5.0502,7.873,37.4707,67.7912,154.2001,,179.1928,118.8076
NJ,2010,119.4353,45.5169,9.8345,2.5399,11.6069,3.9846,7.4863,32.9251,71.999,122.0069,,143.968,116.3713
NJ,2011,118.4305,48.5353,7.6144,2.5312,13.3552,3.5752,7.2788,33.7647,68.0196,87.4027,,109.924,115.4728
NJ,2012,98.5585,51.3325,8.3489,2.479,10.8351,3.455,6.1571,28.8839,67.5281,50.0029,,69.2683,117.7867
NJ,2013,102.3453,62.7323,8.4431,2.7124,15.3907,3.6943,11.9534,33.0502,61.4678,54.1544,,76.1986,123.2227
NJ,2014,86.0396,59.8027,8.802,2.5803,15.5749,3.4805,10.6621,29.2688,59.3531,68.2723,,87.7937,118.212
NJ,2015,80.4713,57.5741,9.0821,2.9189,16.8397,3.4639,13.7633,26.4811,62.9517,46.4138,,64.0765,119.525
NJ,2016,58.7453,50.3302,8.6599,2.67,12.1896,3.2247,8.379,20.3193,60.389,31.4982,,45.0511,109.7583
NJ,2017,53.5034,53.3235,8.3647,2.5237,13.3726,3.5871,10.2113,14.7241,50.7025,27.5693,,37.3901,103.2203
NJ,2018,46.7918,40.0713,6.5899,2.2361,13.0352,3.1887,10.2569,10.4519,39.681,17.6119,,24.583,79.1212
NV,2000,27.1049,9.6744,10.5331,1.0647,3.2869,1.1959,,2.1255,22.894,8.0646,4.8429,9.4823,32.2044
NV,2001,33.1784,11.7424,13.3265,1.4485,3.884,1.4408,,1.5994,26.9192,9.9485,5.0393,11.0156,38.2337
NV,2002,26.9101,11.6516,15.1034,1.5323,4.0157,1.6271,,2.0202,23.8474,9.1468,0.58,10.494,35.1197
NV,2003,27.9294,9.7191,9.7596,1.0795,2.2451,1.2058,0.4832,1.9561,25.2082,9.5492,,10.8542,34.5263
NV,2004,28.6117,9.8897,9.1561,1.1177,2.3803,1.1239,1.0367,2.1312,22.2093,8.6728,,10.0947,31.7453
NV,2005,16.0029,4.1858,5.5425,0.6204,1.2104,0.8663,0.5819,1.0241,13.4517,6.6408,,7.3236,17.4238
NV,2006,28.652,8.899,9.2663,1.2123,2.3938,1.5046,1.0627,1.9825,19.4684,7.7805,,9.1028,28.0576
NV,2007,25.0395,9.6435,10.3087,1.3791,3.0953,1.3731,2.0102,2.6717,20.4572,7.5952,,9.3771,29.7758
NV,2008,31.4145,9.763,20.1675,2.6006,7.9804,2.3033,7.724,1.8515,15.2531,6.8779,,8.1132,24.7732
NV,2009,25.9221,10.5654,13.1724,1.6129,4.6917,1.8239,2.9971,1.7309,14.0034,5.6,,6.7544,24.3465
NV,2010,22.8839,8.7549,12.5379,1.437,3.188,1.6959,1.6564,1.6815,13.0779,5.4026,,6.5241,21.6249
NV,2011,27.7042,8.6128,12.8806,1.6249,5.009,1.5542,3.5945,1.5919,13.2154,5.5055,,6.5668,21.6181
NV,2012,21.69,7.7602,12.3863,1.3641,3.8587,1.4093,3.4452,1.373,14.1458,5.0392,,5.9555,21.6813
NV,2013,26.1772,8.4314,12.8761,1.5377,3.5059,1.4685,2.3775,1.6808,13.7094,6.6137,,7.7347,21.9228
NV,2014,23.0944,8.6106,14.3959,1.4789,4.0022,1.3882,2.1338,1.5308,13.3546,7.7072,,8.7287,21.7532
NV,2015,21.2334,8.6697,14.3733,1.5252,4.3739,1.2516,3.0623,1.6453,13.9934,11.898,,12.9952,22.4407
NV,2016,18.607,8.0823,13.9152,1.433,3.5898,1.3274,2.6582,1.6735,12.8088,9.9167,,11.0323,20.688
NV,2017,19.7055,7.5805,14.4925,1.4314,3.3691,1.5197,2.6346,1.5849,14.057,8.964,,10.021,21.4139
NV,2018,16.3839,8.3151,14.7198,1.6375,3.8992,1.7562,3.1839,1.7162,13.7612,4.6524,,5.7974,21.8571
NY,2000,331.1916,57.855,13.5113,2.4911,8.8702,4.3571,,66.0511,210.7888,532.0096,48.2572,576.0661,265.2921
NY,2001,319.871,65.9862,15.9503,2.8236,9.0242,3.8319,,34.5731,219.3326,559.4438,45.6818,582.5041,281.8317
NY,2002,452.3051,70.6916,19.7016,3.4798,10.0394,5.9088,,120.7903,242.7271,523.6631,7.5459,604.2304,309.5592
NY,2003,443.8233,66.1012,18.5497,3.7842,12.306,6.3305,2.2392,131.8541,240.3629,587.0607,,675.0064,302.6426
NY,2004,454.9508,67.5625,16.3711,3.4143,11.7064,6.1329,6.2941,135.1193,213.4603,463.8162,,553.9407,277.6284
NY,2005,462.6765,55.3532,18.8189,3.5768,10.9986,5.8656,6.238,120.7318,214.9329,516.6638,,597.1915,266.8679
NY,2006,358.9172,57.7999,17.1722,3.3548,8.9889,5.7405,6.3128,102.5469,171.7753,430.3995,,498.7984,226.8447
NY,2007,393.2937,51.9998,17.1219,3.4948,10.7882,5.8035,5.4708,152.4371,170.1129,363.9226,,465.5985,219.4079
NY,2008,330.6936,58.5918,17.1349,3.6393,12.3698,6.5339,5.5668,113.2066,155.4084,297.4576,,372.9661,211.5308
NY,2009,266.9985,69.5213,16.8622,3.2963,11.4623,7.8188,7.173,84.6703,107.5936,190.5244,,247.0006,175.4037
NY,2010,259.0712,61.3633,19.7028,3.6654,9.4553,9.5021,6.9215,74.8748,100.5673,143.1676,,193.1089,160.3302
NY,2011,235.9713,60.6227,15.4734,3.0634,8.8663,6.1944,6.0855,77.459,102.3235,134.5642,,186.2288,161.3193
NY,2012,217.2722,69.2876,18.4664,3.3242,9.0226,5.775,6.8058,68.5709,101.1202,78.8045,,124.3398,168.7995
NY,2013,335.9868,95.3628,25.3384,4.9709,19.2891,9.8988,10.8964,94.1946,132.8869,115.7358,,178.5634,226.1369
NY,2014,312.9318,113.899,25.6962,5.0445,19.5096,9.276,11.423,84.4501,129.7858,141.334,,197.6614,241.6208
NY,2015,299.8221,108.1236,29.7728,6.0622,20.0976,10.2299,13.7144,84.8348,146.1516,136.3664,,192.951,251.9531
NY,2016,215.7976,91.0516,30.2846,5.4209,14.8993,9.6057,10.984,64.4824,130.5834,95.0835,,138.094,219.558
NY,2017,184.8159,98.4987,26.4135,4.7936,14.0972,9.6363,10.7426,44.8786,103.0581,77.6397,,107.5731,199.9186
NY,2018,145.039,74.0241,21.3841,4.275,11.926,8.3782,8.8247,29.5743,80.4508,40.0599,,59.7858,153.1964
OH,2000,1008.5557,442.0388,81.4613,15.8163,25.8968,16.5314,,162.8517,592.0945,2291.2446,182.3095,2399.8675,1024.719
OH,2001,1056.1325,443.7003,85.0942,16.0398,25.4077,15.4222,,91.1771,528.9627,2158.8924,187.0165,2219.7086,963.0927
OH,2002,1060.6218,412.2685,93.4398,16.95,19.657,15.3423,,226.3975,555.9742,2002.2062,23.0329,2153.2133,959.4036
OH,2003,990.4987,338.4368,82.5791,15.4292,21.5844,15.5338,4.6927,232.4849,536.6407,2098.461,,2253.5282,866.5451
OH,2004,976.5522,342.4837,76.1297,15.6661,22.3659,15.0764,15.2378,249.4035,459.9352,2068.0448,,2234.3971,795.1061
OH,2005,1059.7388,356.3228,80.7178,16.0775,19.4072,14.8926,14.4959,241.3588,468.3333,1982.3843,,2143.3709,817.2089
OH,2006,849.1919,294.521,72.5445,14.3926,15.0833,14.7177,11.5692,212.9428,395.4786,1572.2678,,1714.2995,683.7125
OH,2007,890.9158,338.026,83.8299,17.0228,23.1739,15.3094,16.807,290.2606,419.8313,1561.9621,,1755.5654,751.1823
OH,2008,726.7589,287.7286,70.5714,15.0223,22.8392,15.3288,14.2662,227.8994,372.6531,1325.1033,,1477.112,654.4567
OH,2009,650.2006,314.2417,67.3948,13.6488,19.3858,19.0308,15.3136,189.721,284.7505,937.3786,,1063.9231,594.4659
OH,2010,635.7306,331.5316,78.865,15.5444,19.0536,18.6986,13.7734,174.1754,303.2519,856.8779,,973.0533,629.9613
OH,2011,486.6102,183.7413,43.8954,9.0446,14.3499,11.8727,10.983,163.7557,217.1591,620.0456,,729.2708,397.4472
OH,2012,398.0376,190.0681,53.0799,10.4258,12.3502,10.6053,8.7477,146.6544,210.9599,416.5842,,514.4033,397.6734
OH,2013,398.072,201.7945,49.0926,10.0631,15.3371,10.6528,10.8457,155.5469,172.2721,365.0196,,468.7691,371.3275
OH,2014,360.2839,202.0704,48.2774,9.4811,14.8812,10.478,10.2554,129.8633,163.0151,398.0986,,484.7171,362.4931
OH,2015,289.5233,176.4217,45.4456,9.7066,16.031,10.6111,12.1254,119.687,162.0923,228.3379,,308.1701,335.9363
OH,2016,227.7793,155.4216,43.8999,8.4592,11.0234,9.6242,8.5082,89.678,154.5337,122.7906,,182.6049,307.4971
OH,2017,209.4074,165.5554,47.4487,9.1737,13.4965,10.5827,11.0687,72.4551,136.903,111.6831,,160.0097,300.2821
OH,2018,167.4823,114.8829,32.8896,7.0983,11.2644,10.0456,8.6824,52.8674,114.9384,70.1023,,105.3645,227.9947
OK,2002,145.678,49.9878,15.4457,1.9605,6.3341,3.8656,,24.7008,56.2668,46.1693,,62.6447,105.36
OK,2003,174.1683,81.7233,20.5226,2.3858,7.4718,4.8902,1.5202,30.7505,75.7366,65.5913,,86.1018,156.2557
OK,2004,157.717,80.1501,26.5516,2.6113,9.5111,4.6746,3.0847,33.9091,61.6202,67.116,,89.7336,140.7906
OK,2005,192.0551,72.9071,20.0087,2.1954,5.5417,4.9197,2.1015,31.9222,70.405,73.1102,,94.4015,142.1927
OK,2006,139.9758,62.8791,22.3983,2.6931,8.522,4.4862,2.7429,29.5104,60.7723,65.7436,,85.427,122.6847
OK,2007,149.9976,58.0237,17.8513,2.5807,8.4653,5.0055,3.3409,37.2199,57.4556,46.1405,,70.9657,114.5659
OK,2008,144.3806,62.4607,18.3866,2.6553,9.6736,5.0026,3.7223,29.9829,54.3557,47.7648,,67.7629,115.9518
OK,2009,114.2862,53.1896,16.6026,2.2581,7.8218,5.2901,4.0538,23.7799,41.1875,35.5258,,51.3872,93.7219
OK,2010,120.1585,63.2861,21.04,2.562,8.5009,5.0481,2.5407,25.7861,43.5897,44.014,,61.2129,106.1827
OK,2011,122.79,71.6077,22.3216,2.858,11.2096,5.0968,4.248,26.917,54.6606,40.809,,58.7626,125.3993
OK,2012,103.1556,56.2781,25.7359,2.9695,8.5348,4.9479,3.351,24.7479,50.0894,36.0791,,52.586,105.5716
OK,2013,102.6301,57.4457,17.9875,2.2886,7.5622,4.739,2.7811,25.4205,42.4491,28.6857,,45.6413,99.2193
OK,2014,95.7236,53.4775,22.1276,2.4807,8.3229,4.433,3.9204,20.824,35.2238,28.1417,,42.0311,88.1418
OK,2015,79.3776,41.45,19.0136,2.2999,7.4977,4.2922,4.0132,19.0065,36.3689,23.3648,,36.0421,77.2411
OK,2016,75.8879,40.4285,21.4585,2.3991,8.2376,4.2445,2.9582,18.6236,38.7756,24.837,,37.2589,78.5874
OK,2017,77.5003,37.4789,22.437,2.4577,7.6529,4.6714,2.8491,16.2241,38.8649,26.1402,,36.962,75.7258
OK,2018,54.2688,35.4709,15.725,2.1041,7.4783,3.9303,2.9613,9.6416,29.8578,12.6284,,19.0592,64.8544
ON,2000,405.4704,367.7541,99.924,10.5555,19.5038,9.94,,99.7036,152.0978,548.338,86.3078,614.8402,517.4341
ON,2001,447.0953,392.0637,110.5633,10.3077,20.9407,8.354,,68.2536,151.7858,580.5739,82.9368,626.0993,541.4358
ON,2002,444.5258,388.6941,110.1432,10.3721,19.4215,8.6683,,165.5601,157.5719,498.5395,12.8395,608.9678,543.7589
ON,2003,396.1213,346.03,106.6969,10.0523,21.4032,9.5725,11.337,180.3278,147.1457,498.1771,,618.4561,490.8355
ON,2004,422.6811,324.7585,102.3887,10.2682,15.846,8.8786,23.094,193.6974,139.4147,430.7478,,559.9441,461.9558
ON,2005,503.2728,328.2311,97.4202,10.2857,18.65,8.6602,25.3813,172.6567,164.2789,442.4193,,557.5822,489.8977
ON,2006,326.2862,243.7846,62.0374,8.2344,10.1032,7.1431,14.1428,132.1057,122.2373,298.8718,,386.9862,364.0779
ON,2007,338.114,220.7056,58.7385,11.2132,18.2337,14.7766,42.0856,363.2889,192.1966,320.7035,,563.0173,409.8466
ON,2008,112.3056,84.8255,19.9864,2.7113,5.6043,2.7548,4.3998,40.4986,48.6184,100.435,,127.4474,132.6712
ON,2009,82.569,69.8936,16.2421,2.2049,5.7733,3.223,6.0286,27.6243,29.3864,56.6424,,75.068,98.8129
ON,2010,80.1134,59.4604,17.8436,2.5202,4.5515,3.3622,4.9501,23.9408,33.4655,42.8005,,58.7687,92.394
ON,2011,87.4604,76.4723,17.2718,2.4379,5.3164,2.771,5.6082,32.6763,38.6999,51.1816,,72.9771,114.5573
ON,2012,81.3064,70.0646,18.6726,2.8293,4.0537,2.582,4.8893,34.4278,39.2744,41.9551,,64.9182,108.7148
ON,2013,77.9758,63.2913,17.7381,2.5161,5.9685,2.628,6.5455,33.3233,33.2394,36.2024,,58.429,96.0029
ON,2014,84.7192,76.4932,19.2309,2.5509,6.8583,2.6535,6.817,29.8114,33.6111,41.337,,61.2216,109.5698
ON,2015,70.2171,71.2786,20.7215,3.197,7.4756,2.6919,8.2763,30.5823,36.349,48.5937,,68.9915,107.0504
ON,2016,52.1564,63.8154,23.0883,3.0553,5.0899,2.3675,5.8681,28.2083,32.2273,37.1888,,56.004,95.5303
ON,2017,47.075,58.0001,20.3211,2.7487,4.6592,2.5637,5.4423,19.3038,28.1144,26.0022,,38.8777,85.6676
ON,2018,37.626,44.5521,15.5186,2.2495,3.1475,2.2123,3.3733,14.4612,24.9225,16.4967,,26.142,69.0784
PA,2000,1178.4779,290.3557,52.7715,8.7837,28.8776,16.521,,187.2151,591.5806,2678.1713,199.669,2803.044,871.8263
PA,2001,1332.4994,303.5739,61.1844,9.9127,29.3145,15.7472,,118.807,596.281,2886.543,219.6421,2965.5428,890.3751
PA,2002,1240.8552,248.8077,60.5851,9.6569,24.9029,16.3294,,263.175,571.2924,2350.7879,28.4973,2526.3265,811.0164
PA,2003,1178.8715,261.8062,51.4143,8.8554,26.9312,15.8916,4.5569,266.7668,534.5067,2446.3821,,2624.3151,787.8148
PA,2004,1087.1292,242.4543,49.6142,8.3849,25.7967,14.4011,15.1022,264.4706,437.8747,2134.7853,,2311.1855,673.3678
PA,2005,1227.5237,242.2253,56.9334,8.8861,25.3066,15.3188,13.4255,281.1804,488.9343,2389.0994,,2576.6472,723.3857
PA,2006,1034.9348,184.8143,56.0345,8.9214,18.7293,14.7626,12.1933,246.8461,401.5823,1945.8361,,2110.4805,580.013
PA,2007,1070.5144,214.2844,54.8993,9.0843,25.4462,15.5688,12.9792,361.8658,430.2097,1888.9381,,2130.3042,637.6537
PA,2008,934.9036,227.4907,52.8034,9.3719,30.0595,16.5425,15.5342,280.8759,379.172,1752.9157,,1940.2596,600.6338
PA,2009,750.0822,207.0957,49.5951,8.0873,24.3232,18.0766,13.7962,220.7233,268.9392,1056.3325,,1203.5545,471.7597
PA,2010,708.8211,205.7084,57.1162,9.0578,22.1693,19.0923,13.4695,186.6797,292.2591,870.0842,,994.5981,493.3211
PA,2011,698.3271,204.921,47.6791,8.1668,23.4167,16.1477,14.1917,219.6642,296.4303,622.7248,,768.626,496.6373
PA,2012,615.4619,237.7676,56.3012,8.6398,19.1441,15.2817,14.3734,203.0853,269.6028,421.8082,,557.2669,503.0843
PA,2013,572.4927,253.7413,50.659,8.6354,31.5789,14.9036,21.0121,210.6322,232.4984,425.6233,,566.1162,482.542
PA,2014,476.0942,231.3099,50.0724,8.1479,27.6038,13.712,17.6396,165.7367,209.9005,477.5275,,588.0745,437.8736
PA,2015,419.5146,202.192,48.5946,8.7666,29.7272,14.1208,22.2499,163.1515,208.9179,335.0644,,443.8857,407.7877
PA,2016,343.0938,189.7749,52.7465,7.8216,20.7746,13.9213,14.6952,130.1611,219.9958,195.3248,,282.1418,406.273
PA,2017,311.5148,208.6699,52.7814,8.2816,21.7795,14.77,16.1279,99.8817,181.6971,160.0596,,226.6804,387.477
PA,2018,252.7174,131.7019,38.201,6.6009,19.015,13.945,14.5705,67.7257,140.729,91.2889,,136.4617,270.1949
SD,2003,,,,,,,,,,,,,
SD,2004,29.1976,9.6815,8.626,0.8434,0.8679,0.9938,0.5684,5.1208,29.1793,16.7257,,20.1414,38.3968
SD,2005,31.5449,13.0451,8.3007,0.7771,0.7784,1.133,0.5094,4.2276,28.7313,16.0091,,18.829,41.3194
SD,2006,29.6503,8.5594,9.1841,0.9607,0.7963,1.5216,0.6374,4.9323,34.5908,21.7192,,25.0094,42.6005
SD,2007,45.0227,16.5953,11.3579,1.2864,1.2111,1.9477,0.9337,9.9413,41.9114,24.045,,30.6761,57.8403
SD,2008,43.2055,15.7116,11.4354,1.3147,1.9424,1.7147,1.7177,7.9655,34.1698,25.9379,,31.2508,49.3383
SD,2009,40.103,14.3081,11.7275,1.258,1.5318,2.4843,1.1584,6.8664,24.3899,20.2113,,24.7909,38.3105
SD,2010,37.8873,20.5445,11.3677,1.1076,1.1216,1.6642,0.828,5.8689,25.3244,17.2042,,21.1186,45.4668
SD,2011,34.4482,12.5904,10.6244,1.0791,1.3822,1.4434,0.792,6.1599,26.9557,15.0523,,19.1611,39.1178
SD,2012,31.9366,13.3662,15.3786,1.6013,1.5172,1.9042,0.916,5.0602,30.9167,15.3519,,18.7272,43.7914
SD,2013,32.6063,12.3007,10.449,1.0653,1.1341,1.3479,0.7448,5.0263,28.3948,12.1617,,15.5138,40.2442
SD,2014,30.6674,13.5716,13.5791,1.2225,1.2203,1.5767,0.8769,4.7953,23.5863,13.5041,,16.7026,36.7829
SD,2015,27.8762,13.2542,15.9811,1.3671,1.2187,1.6914,0.8286,4.4664,23.9391,16.7139,,19.6926,36.8126
SD,2016,21.527,11.0586,14.2074,1.2829,1.1251,1.4108,0.8441,4.6126,20.3282,15.7934,,18.8698,31.0632
SD,2017,24.7161,10.5278,15.3409,1.4558,1.1166,1.8916,0.7601,3.6395,24.4652,12.4429,,14.871,34.6046
SD,2018,22.5637,14.7195,14.4373,1.4149,1.0475,1.8476,0.6787,3.6612,19.8896,9.9519,,12.3941,34.2923
TN,2000,778.9689,87.3506,50.3253,5.6035,16.4063,11.9693,,75.719,342.0211,714.1768,120.4145,764.6804,423.9335
TN,2001,715.9562,106.2639,55.2795,6.5551,18.1724,11.4097,,43.0713,294.3257,639.9171,117.2876,668.6455,395.9092
TN,2002,690.1861,72.8664,41.5656,5.2444,16.3618,11.1823,,106.4626,305.1156,554.6312,12.0817,625.6413,373.1303
TN,2003,683.9415,60.7769,34.9575,4.8059,10.6579,10.6042,1.8665,110.8353,272.3168,537.3218,,611.2498,328.7647
TN,2004,649.3821,66.1871,34.0025,5.2922,16.758,11.0048,4.8971,114.6505,255.6606,490.5384,,567.0107,317.7825
TN,2005,577.0441,46.1522,29.3559,3.9303,8.2722,8.4934,3.3798,86.1604,233.4588,448.9729,,506.4406,275.8997
TN,2006,619.3174,64.8656,42.8809,5.8344,13.7888,10.6221,4.6083,106.0735,237.7538,495.1273,,565.8782,298.8401
TN,2007,699.4353,82.5826,54.7477,7.2718,19.9136,11.7903,5.2792,136.5757,249.3481,477.9778,,569.0734,327.9662
TN,2008,533.9005,66.5601,44.9915,5.8744,14.6626,10.7015,5.0013,102.316,211.4859,368.6548,,436.9005,274.6833
TN,2009,397.6928,73.1852,32.6274,4.621,12.853,12.7423,5.2262,69.2805,144.5229,181.001,,227.211,215.4095
TN,2010,437.4591,67.1625,41.4187,5.9902,12.6435,12.5718,4.7765,67.6558,179.1184,214.722,,259.8485,243.4313
TN,2011,364.3951,55.7908,31.7025,5.2202,17.3474,10.4938,7.1274,69.0561,139.3742,139.1477,,185.2078,192.9498
TN,2012,315.4523,55.3407,38.7143,6.5361,14.3362,10.6404,5.9009,56.1866,143.7313,85.9213,,123.3978,196.7865
TN,2013,302.8871,60.7158,28.3265,4.7129,13.434,9.7332,5.9584,61.3968,127.3156,83.2064,,124.1573,186.0071
TN,2014,303.3337,67.7021,35.6291,5.1959,13.1586,10.0845,5.2974,52.0511,126.515,98.9158,,133.6336,192.206
TN,2015,221.5716,58.6978,34.4735,5.1813,13.932,9.2109,6.1679,41.3162,109.9424,64.2926,,91.8516,166.8929
TN,2016,191.159,62.3185,41.5788,5.8796,14.185,9.7768,5.9496,35.0769,114.7053,60.0237,,83.4206,175.2007
TN,2017,179.6029,68.3933,36.1077,5.6973,15.0108,10.1272,6.7524,26.7715,104.0104,53.6174,,71.4739,170.7516
TN,2018,108.7838,39.4734,20.4807,3.9972,9.565,7.409,3.2619,16.2327,68.1491,22.748,,33.5754,106.5379
TX,2000,108.4414,30.2399,27.998,2.094,8.5792,2.7716,,4.1582,36.9987,37.0297,8.3379,39.8036,66.6508
TX,2001,113.6803,27.7953,30.4379,2.2488,9.0989,2.8712,,3.1162,28.5468,40.6397,7.0636,42.7186,55.8884
TX,2002,114.8293,27.7232,27.8954,2.26,8.8124,3.0042,,5.7649,38.0386,32.1927,1.0876,36.0379,65.1568
TX,2003,103.7874,23.6819,23.5656,1.9672,6.481,2.8529,0.3854,6.4097,34.7123,34.6125,,38.8875,57.8422
TX,2004,235.2645,40.4319,23.588,5.0767,29.3685,6.4227,11.9101,37.4561,70.3529,66.7159,,91.6992,109.6655
TX,2005,299.6902,50.2358,35.8685,5.6361,28.1436,8.1259,6.5781,44.4487,104.0389,113.8408,,143.4882,152.6208
TX,2006,279.0965,64.8348,40.9821,7.561,39.0697,9.0239,17.4455,39.6234,93.7187,102.0753,,128.5044,157.0636
TX,2007,335.4588,79.5173,49.8193,8.3192,37.4223,10.9342,12.3239,60.6914,121.9087,106.4381,,146.9198,199.4873
TX,2008,334.7346,105.3399,74.4731,11.2035,50.0722,14.2954,23.6983,49.5532,119.1866,128.3375,,161.3895,222.6319
TX,2009,272.6941,91.9089,63.2117,9.1679,39.5527,12.5113,17.1826,35.1439,98.4524,104.2937,,127.7345,188.7967
TX,2010,264.6491,97.3748,66.7597,7.9995,34.8815,12.7712,16.9693,36.0648,91.4014,113.1543,,137.2091,187.322
TX,2011,265.0365,117.6983,101.5443,12.3993,46.7753,14.8666,24.0664,29.2644,98.0078,104.5853,,124.1054,214.1477
TX,2012,290.475,106.2625,93.319,10.7269,40.2763,13.8624,14.8678,39.2727,108.4506,97.016,,123.2103,212.9885
TX,2013,262.8101,107.3011,81.1677,9.7872,40.3397,12.339,16.1014,42.3398,101.3185,92.2294,,120.4705,207.0088
TX,2014,258.4665,98.6042,90.8026,9.2429,34.554,12.4288,15.1948,30.4065,84.7125,85.2784,,105.5595,181.9707
TX,2015,240.627,85.7357,62.1523,8.0308,37.2621,10.0273,22.2696,36.0668,91.7736,85.7058,,109.7626,176.0497
TX,2016,221.0598,79.5892,64.4011,8.1157,36.6556,10.7995,16.7818,33.4308,79.2172,78.2179,,100.5166,157.5465
TX,2017,220.8631,87.9187,77.2678,8.9219,40.0559,12.3644,21.7475,28.5405,81.825,81.2998,,100.3367,168.4426
TX,2018,177.2583,79.5295,70.0561,8.1208,33.4424,11.1224,17.8288,21.1812,73.1063,61.533,,75.6602,151.473
UT,2000,37.7824,15.2532,10.6336,1.386,3.4547,2.1087,,3.2956,51.3079,24.6673,8.1879,26.8654,65.7457
UT,2001,42.8491,16.4199,10.3413,1.3842,3.5786,2.4972,,2.0012,51.9334,26.758,8.1443,28.0923,67.5276
UT,2002,33.7165,16.5427,12.3298,1.5487,3.4012,2.8757,,4.0499,51.2254,23.4555,1.028,26.1567,66.953
UT,2003,35.8745,14.1081,12.5448,1.5362,2.8468,3.4544,1.0182,4.0832,51.6867,22.9506,,25.6743,64.9724
UT,2004,35.285,15.5104,8.4006,1.1983,2.7317,2.3981,1.3357,4.6918,50.4594,19.5874,,22.7165,65.1673
UT,2005,36.8039,11.7574,8.3423,1.2938,2.7628,2.5043,1.2384,3.2281,45.9474,21.0072,,23.1609,56.9739
UT,2006,33.8639,12.1532,8.8487,1.4289,2.7865,2.5395,1.2056,3.5851,46.6735,19.4252,,21.8164,58.0844
UT,2007,35.7923,15.2498,10.8127,1.7621,3.0767,2.781,1.2645,5.5534,50.165,18.0042,,21.7088,64.6168
UT,2008,35.5693,14.3747,12.9749,1.8133,4.3925,3.3185,2.4827,4.0064,41.7248,16.2815,,18.9535,55.4358
UT,2009,31.3094,15.728,12.2836,1.6163,3.2947,2.9051,1.3838,3.2984,36.3405,12.7589,,14.959,51.4909
UT,2010,31.6676,15.6292,10.3194,1.4451,3.1057,3.1633,1.6251,3.4426,34.3909,12.5566,,14.8529,49.4732
UT,2011,34.0258,14.5923,13.8636,1.8847,3.383,2.7732,1.8204,2.7004,33.3813,10.7312,,12.5318,47.4422
UT,2012,31.3923,14.02,15.8359,1.974,3.1908,2.7607,1.8636,2.774,36.3129,12.4047,,14.2549,49.7559
UT,2013,29.6777,15.9821,12.1224,1.6584,2.9329,2.2253,1.5198,2.9598,34.3041,10.6739,,12.6486,49.7416
UT,2014,42.6514,30.7687,22.5084,2.8128,4.15,3.0635,1.8105,4.0085,43.5458,23.2059,,25.8801,73.6226
UT,2015,49.6848,61.0885,22.8845,3.0282,5.3485,2.9923,2.5947,5.2776,44.6098,30.4164,,33.9359,104.99
UT,2016,39.7146,33.4699,21.9545,2.9811,5.0627,3.1232,2.4754,4.779,43.6242,26.0725,,29.2603,76.4008
UT,2017,44.8242,46.5713,27.1874,3.5905,4.8148,4.0003,2.7059,4.495,44.9408,28.3793,,31.3773,90.7986
UT,2018,35.6076,26.5568,27.8871,3.6467,4.9506,4.5402,2.6234,3.9086,41.6353,17.9356,,20.5432,67.5301
VA,2000,710.2809,81.0294,27.0823,5.1757,15.9228,10.4402,,97.8442,364.7189,968.8274,92.8148,1026.0226,436.5729
VA,2001,667.7573,82.6504,27.4851,5.6363,19.0128,8.3723,,57.8221,316.9061,868.7446,85.7771,907.3127,392.0551
VA,2002,609.8725,45.9885,20.5124,3.9175,11.7365,7.1496,,137.3045,296.7835,710.7952,8.5851,802.3773,338.0535
VA,2003,513.3276,43.6011,17.0341,3.1722,7.8579,6.2014,2.0137,124.907,228.4419,599.3678,,682.1536,268.4105
VA,2004,448.5573,46.6939,15.2664,3.2239,10.3443,5.8968,4.1306,121.8114,202.2532,628.2901,,709.5384,245.7311
VA,2005,709.9574,59.511,23.3823,4.8854,14.405,8.334,5.2881,161.1696,300.5777,862.6828,,970.1826,355.3098
VA,2006,620.7987,49.5003,24.1828,4.7594,11.1258,8.1359,5.0046,156.9806,253.128,794.6353,,899.3405,298.6028
VA,2007,641.1857,68.1384,24.6527,5.797,19.6135,8.1586,6.8105,195.5756,258.445,692.7676,,823.2162,322.4748
VA,2008,506.0277,62.7594,21.5653,5.0528,16.9275,8.7445,6.6262,149.6079,213.9788,546.5274,,646.3164,273.3363
VA,2009,385.5854,55.2587,21.5,4.0569,13.2869,10.4918,6.7555,113.3684,143.7485,365.1478,,440.7651,196.7212
VA,2010,403.4382,59.1779,26.632,5.1832,11.8106,9.5811,5.7748,108.0249,168.0703,408.0789,,480.132,224.5762
VA,2011,374.6629,64.2521,21.0358,4.7241,16.9098,8.3393,8.6074,112.7482,149.9215,279.5026,,354.7052,211.7904
VA,2012,305.5954,69.3331,21.4858,4.5349,14.0814,7.8378,7.206,108.2133,144.4491,220.8683,,293.0469,211.4852
VA,2013,299.9031,74.2719,19.0295,4.4959,17.5634,7.907,9.6121,111.3622,120.72,197.0002,,271.2793,193.0722
VA,2014,279.2312,68.5686,22.0013,4.3158,14.111,7.6585,7.022,97.562,124.753,230.6488,,295.7227,191.337
VA,2015,226.0897,63.4788,21.0524,4.9044,17.5633,7.8618,10.5768,92.5854,116.2764,153.7214,,215.4756,177.9063
VA,2016,182.9375,64.8859,20.8776,4.2196,13.6745,7.4602,7.1963,77.775,106.9082,121.231,,173.107,170.0945
VA,2017,161.9004,74.1743,22.707,4.5392,15.0605,7.8211,8.9606,53.4041,95.1971,87.3413,,122.9612,167.858
VA,2018,123.1802,50.124,15.5908,3.5918,12.2525,7.646,6.3422,27.4588,68.3841,34.2201,,52.5346,117.4196
VI,2000,65.6191,27.2626,13.2692,16.0043,120.1643,6.7097,,7.1663,3.2512,11.6739,7.621,16.454,30.2405
VI,2001,92.3983,39.4819,19.7538,20.4156,145.5097,9.3018,,2.5105,2.9965,17.3111,3.7409,18.7291,42.431
VI,2002,88.6005,34.109,17.546,21.2892,154.535,9.1509,,10.2789,2.7931,16.4127,0.8239,23.2686,36.8578
VI,2003,47.8434,19.8672,8.1612,10.6802,76.2272,4.6847,,5.6065,1.9679,10.0245,,13.7636,21.8039
VI,2004,,,,,,,,,,,,,
VT,2000,85.3735,11.8566,3.1581,0.6793,1.9787,1.2871,,17.9492,49.9707,89.2796,13.5748,101.2517,61.033
VT,2001,110.608,14.367,4.5828,0.9719,3.31,1.4436,,13.2794,70.4585,121.9693,16.4936,130.8264,83.7051
VT,2002,138.392,18.4794,5.292,1.1438,4.0875,1.8898,,39.6662,85.2747,124.7721,2.7302,151.2295,102.3979
VT,2003,125.6451,12.6288,5.8803,1.1916,4.1486,1.8631,0.644,36.627,82.0849,134.6239,,159.0538,93.4078
VT,2004,98.6242,14.9807,3.8015,0.9176,3.7809,1.391,1.9742,33.6292,57.3719,86.5938,,109.0241,71.4403
VT,2005,96.891,10.2498,3.8971,0.8326,2.3154,1.2677,1.185,26.5032,49.1309,85.8134,,103.4914,58.5995
VT,2006,89.9735,13.8418,4.2302,0.9602,2.8389,1.4057,1.8143,27.0317,47.4686,79.7879,,97.8176,60.5559
VT,2007,4.9002,2.3391,0.2232,0.0593,0.5353,0.1002,0.1561,5.3782,4.4389,10.4183,,14.0055,6.7074
VT,2012,4.9115,2.6569,0.4747,0.0775,0.2553,0.1838,0.1131,1.3412,2.5876,2.1999,,3.0945,5.2032
VT,2013,55.0836,14.8453,5.5569,1.1212,4.5717,1.8644,2.8305,11.0835,21.893,16.7595,,24.152,36.3905
VT,2014,49.8293,18.251,5.0883,1.0253,4.3961,1.678,2.5147,10.5804,20.2987,21.1675,,28.2246,38.2267
VT,2015,51.0419,19.8509,6.2051,1.2719,4.7786,2.0067,3.018,11.6844,24.9399,23.3599,,31.1538,44.3943
VT,2016,32.6089,13.5305,5.7527,1.0014,3.3177,1.5947,2.2983,7.9466,17.8641,13.1537,,18.4543,31.1102
VT,2017,26.0702,13.718,4.6824,0.8978,3.1254,1.4111,2.7707,5.653,14.6202,10.7736,,14.5444,28.1056
VT,2018,21.6055,15.1383,3.9572,0.7749,2.8171,1.2348,1.9542,3.9818,11.8939,6.4458,,9.102,26.8433
WA,2000,142.608,51.0031,5.5477,4.0204,28.8893,7.9347,,28.5675,52.7564,166.1104,32.9935,185.1653,102.9206
WA,2001,134.4158,46.4072,6.6783,4.8536,35.6799,7.5342,,18.1832,44.9222,141.5862,31.6619,153.7141,90.6148
WA,2002,121.0484,49.2756,6.3557,4.2477,30.2222,7.1102,,29.1542,52.3799,92.7856,4.7502,112.2304,100.8232
WA,2003,112.0031,46.6439,6.0208,4.0876,28.1483,7.0335,9.5997,30.6566,52.9969,87.5317,,107.9791,98.7987
WA,2004,109.968,43.0499,5.12,4.0869,28.509,8.0625,20.7924,26.0802,42.3524,77.9362,,95.3313,84.7287
WA,2005,65.7259,15.7083,2.9349,1.772,10.3566,4.2154,6.0285,11.0072,24.1508,19.3824,,26.7244,39.4752
WA,2006,62.746,12.5217,3.0356,1.9674,10.8911,3.7727,5.7022,8.4041,27.0395,16.5518,,22.1576,39.1318
WA,2007,56.5055,12.7827,2.3639,1.6027,9.6157,3.9858,6.3455,10.3431,23.1368,10.4032,,17.3032,35.5508
WA,2008,21.7071,5.1453,1.1039,0.6874,4.2962,1.3751,2.7515,3.1971,7.747,4.9131,,7.0458,12.7691
WA,2009,30.4399,6.4225,1.4695,0.9596,6.1707,2.7372,3.9148,3.4838,10.3113,5.8007,,8.1242,16.5697
WA,2010,24.9454,7.7796,1.4564,1.0098,6.4854,2.3448,5.0924,4.841,7.8188,6.3952,,9.6245,15.474
WA,2011,25.9014,6.1483,1.1097,0.837,5.5274,1.8861,3.9174,3.5679,8.0055,4.9243,,7.2716,14.0267
WA,2012,23.3972,5.4214,1.3022,0.8785,5.7045,2.0246,4.9287,3.2142,8.8491,4.4364,,6.5804,14.1303
WA,2013,13.4078,3.6165,0.7424,0.4934,3.191,1.0145,2.0548,1.7201,4.7512,2.5578,,3.7052,8.2916
WI,2000,100.8979,86.7946,12.6862,2.2276,3.0475,2.8309,,19.3116,42.4057,63.2415,18.0281,76.1221,128.5256
WI,2001,113.7798,105.695,14.51,2.675,3.3723,2.8912,,11.4373,38.4573,64.5796,19.2828,72.2086,143.5402
WI,2002,101.6983,83.6707,15.3827,2.7231,3.5909,3.136,,25.5608,37.1971,45.139,2.9254,61.6328,119.801
WI,2003,99.3233,84.123,13.2366,2.6875,2.7729,2.8876,1.1264,28.6716,36.656,60.3854,,79.5096,120.1964
WI,2004,89.6552,74.3326,11.3087,2.2242,2.3259,2.463,2.4072,29.0853,36.1864,56.0875,,75.4876,109.9436
WI,2005,113.4266,82.4006,14.6033,2.7213,2.6781,2.7852,2.381,32.725,47.8722,68.2169,,90.0443,129.5113
WI,2006,84.4866,72.9431,12.7881,2.534,2.0254,2.7688,2.5311,28.1986,33.6082,49.7014,,68.5098,106.0167
WI,2007,83.6568,73.3849,13.3814,2.5917,2.8132,2.6074,3.4639,35.7351,31.7373,34.7075,,58.5426,104.6179
WI,2008,89.3748,88.2925,10.962,2.565,4.3988,3.1141,4.9606,31.1374,29.659,47.5318,,68.3006,117.4794
WI,2009,84.0575,77.5325,10.8095,2.2793,2.9381,3.6534,3.125,23.0407,25.1999,33.0995,,48.4677,102.3322
WI,2010,65.4739,57.36,13.98,2.5846,2.0697,4.9696,2.4977,20.4459,24.529,29.8032,,43.4403,81.4986
WI,2011,64.6867,48.7276,10.6833,2.1477,2.2233,2.7096,2.2485,20.6972,25.0794,19.7265,,33.5321,73.4084
WI,2012,43.0917,26.2226,13.019,2.3126,1.3244,2.1231,1.4093,13.9075,19.9344,11.7215,,20.9979,45.8399
WI,2013,65.6439,64.5179,13.7129,2.5343,3.119,2.8357,3.6844,23.3408,23.541,18.482,,34.05,87.6853
WI,2014,61.1884,61.0938,10.1787,2.1174,2.8355,3.3553,3.6456,18.5182,20.4948,16.8578,,29.2092,81.2627
WI,2015,50.26,53.3892,15.3411,2.6702,2.769,2.8421,3.5576,15.0996,21.9978,19.6382,,29.7092,75.037
WI,2016,40.2298,50.9642,11.7331,2.1769,2.0169,2.4524,2.7561,11.0417,22.5492,16.4398,,23.8043,73.1553
WI,2017,37.27,51.3315,14.3608,2.5657,2.6195,2.8233,3.5124,9.2679,18.7916,18.3178,,24.4993,69.8244
WI,2018,30.0201,40.6524,11.3061,2.2804,2.6061,2.7046,3.1046,7.3839,18.8099,10.3244,,15.2498,59.1631
WV,2000,511.7034,46.9718,29.7336,3.366,8.213,9.7245,,57.2642,157.7311,653.6091,60.5454,691.8039,202.1959
WV,2001,510.9468,35.8213,33.0604,3.6702,8.0404,7.9836,,29.168,122.4069,477.742,50.8537,488.5076,156.2828
WV,2002,467.529,37.3441,28.0449,3.063,7.4147,9.1101,,79.3294,143.836,499.0678,8.8417,551.9811,178.8937
WV,2003,491.5747,35.1848,25.7885,3.1449,5.6481,10.0587,1.5428,84.9626,136.8824,522.7182,,579.3877,169.8906
WV,2004,483.9587,36.4089,26.2151,3.1693,7.3794,8.6439,4.3977,87.9451,111.6367,485.159,,543.8184,146.2708
WV,2005,542.6054,36.5948,31.3565,3.4314,5.8985,8.6542,3.7712,87.0026,128.1364,548.7928,,606.8236,162.6938
WV,2006,460.3784,34.4876,29.9651,3.5139,5.4477,9.0715,4.0878,80.4699,101.4127,448.6514,,502.3251,134.2874
WV,2007,455.2629,42.5134,31.3476,3.8559,7.8365,8.8765,4.6084,117.8773,110.9259,396.8921,,475.5163,151.6763
WV,2008,377.5564,36.0806,29.792,3.464,6.9607,8.5002,4.0009,79.9503,92.7709,319.7082,,373.0355,127.3762
WV,2009,302.1201,34.4501,30.8735,3.1366,6.13,10.1683,4.021,64.8179,66.1299,218.7631,,261.9971,99.5288
WV,2010,321.6965,38.0,39.5958,3.9647,5.4671,10.1011,3.9442,61.7277,83.2435,235.0721,,276.2446,119.92
WV,2011,282.5458,34.4223,27.4558,3.0427,6.0969,8.219,4.7695,62.6473,63.9013,131.0497,,172.8357,97.307
WV,2012,232.4394,30.0338,27.4829,2.9585,4.7956,7.4072,4.0268,50.3085,59.8721,72.0794,,105.6351,88.9537
WV,2013,218.238,40.2247,24.9658,2.7855,6.6878,7.3452,4.6698,55.0847,57.0804,80.1914,,116.9335,96.3981
WV,2014,219.17,41.5205,27.3275,3.0348,6.911,7.4556,5.1867,53.252,61.2707,108.4296,,143.9487,101.8164
WV,2015,178.3288,35.0424,27.1406,3.2362,7.4432,7.8689,5.1976,42.0524,54.6454,72.2813,,100.3308,88.8188
WV,2016,136.4101,34.3764,26.4104,2.7128,5.4771,7.391,4.4404,30.6984,50.5589,44.5482,,65.0245,84.1322
WV,2017,122.7933,40.6453,23.5885,2.7169,5.5043,7.4125,4.0913,26.8974,47.662,44.7025,,62.6434,87.5495
WV,2018,97.0365,25.9647,17.1753,2.3281,4.946,6.9427,3.9549,18.1096,35.7054,23.8364,,35.9153,61.1027
WY,2000,74.421,22.7146,13.4294,1.8212,3.713,3.9634,,9.7588,50.8294,60.7009,15.8093,67.1819,72.5484
WY,2001,87.8619,28.253,16.6101,2.4111,5.784,4.1003,,5.3251,52.2537,78.9373,16.2209,82.4893,79.6761
WY,2002,74.4985,29.3811,15.8576,2.2934,4.694,4.0358,,13.5925,55.7561,60.9197,1.9528,69.9856,84.2517
WY,2003,71.3456,23.4303,14.8917,2.1172,3.6301,3.4144,0.9,12.8464,52.6855,62.058,,70.6267,75.2784
WY,2004,71.8723,21.5551,11.7406,1.8312,4.1047,2.7349,2.5107,13.8607,46.1089,53.1895,,62.4345,66.9315
WY,2005,70.2752,17.7514,10.4706,1.7422,2.9092,3.0565,1.901,11.705,46.4897,59.8083,,67.6162,63.5022
WY,2006,72.7408,19.5079,11.7438,2.1558,2.9012,3.382,2.1699,12.4052,50.4212,58.0796,,66.355,69.1278
WY,2007,77.7428,25.4613,14.1723,2.4615,3.6422,4.2329,1.9947,17.9418,53.3886,55.3202,,67.2876,78.0008
WY,2008,71.7645,23.9981,15.2358,2.3601,4.4246,3.5497,2.6027,13.4432,40.781,46.2705,,55.2363,64.1311
WY,2009,63.1562,21.7665,14.0475,2.2548,4.0277,4.0342,2.5885,10.8317,31.6529,50.6134,,57.8386,52.9157
WY,2010,59.3997,20.6915,14.5387,2.2839,3.6145,3.756,2.1424,10.3732,35.0738,51.4858,,58.4039,55.2078
WY,2011,61.4719,21.4144,12.6001,1.979,3.7689,2.97,2.2317,9.1115,34.0435,32.9492,,39.0266,54.9171
WY,2012,78.0971,46.7638,24.2975,3.2951,5.7684,5.5486,3.7576,16.0992,45.8511,66.0936,,76.8312,91.8862
WY,2013,200.041,96.6316,61.7768,7.6509,10.6458,9.7474,6.8434,38.1676,140.8682,132.9989,,158.4564,235.2589
WY,2014,186.3512,86.9284,63.1329,7.4831,10.7284,9.8962,6.8818,35.1243,125.5851,126.1601,,149.5875,210.517
WY,2015,170.6374,78.11,60.4039,7.2574,10.6345,10.3024,6.6203,34.9408,136.0584,148.5664,,171.8706,212.0052
WY,2016,154.3122,84.0636,61.9139,6.8572,11.1156,9.7238,6.6855,39.4216,124.8723,146.4778,,172.7721,206.9505
WY,2017,165.9399,89.3106,49.6812,6.6482,9.1585,12.591,6.1433,38.5126,129.5515,181.8433,,207.5316,216.8034
WY,2018,140.2019,83.2173,58.8327,7.5654,9.1816,13.4695,5.9001,31.3091,116.6889,140.6141,,161.498,198.051
